client_id,age,job,marital,education,credit_default,mortgage
0,56,housemaid,married,basic_4y,0,0
1,57,services,married,high_school,0,0
2,37,services,married,high_school,0,1
3,40,admin,married,basic_6y,0,0
4,56,services,married,high_school,0,0
5,45,services,married,basic_9y,0,0
6,59,admin,married,professional_course,0,0
7,41,blue_collar,married,,0,0
8,24,technician,single,professional_course,0,1
9,25,services,single,high_school,0,1
10,41,blue_collar,married,,0,0
11,25,services,single,high_school,0,1
12,29,blue_collar,single,high_school,0,0
13,57,housemaid,divorced,basic_4y,0,1
14,35,blue_collar,married,basic_6y,0,1
15,54,retired,married,basic_9y,0,1
16,35,blue_collar,married,basic_6y,0,1
17,46,blue_collar,married,basic_6y,0,1
18,50,blue_collar,married,basic_9y,0,1
19,39,management,single,basic_9y,0,0
20,30,unemployed,married,high_school,0,0
21,55,blue_collar,married,basic_4y,0,1
22,55,retired,single,high_school,0,1
23,41,technician,single,high_school,0,1
24,37,admin,married,high_school,0,1
25,35,technician,married,university_degree,0,0
26,59,technician,married,,0,1
27,39,self_employed,married,basic_9y,0,0
28,54,technician,single,university_degree,0,0
29,55,unknown,married,university_degree,0,0
30,46,admin,married,,0,0
31,59,technician,married,,0,1
32,49,blue_collar,married,,0,0
33,54,management,married,basic_4y,0,1
34,54,blue_collar,divorced,basic_4y,0,0
35,55,unknown,married,basic_4y,0,1
36,34,services,married,high_school,0,0
37,52,technician,married,basic_9y,0,1
38,41,admin,married,university_degree,0,1
39,56,technician,married,basic_4y,0,1
40,58,management,unknown,university_degree,0,1
41,32,entrepreneur,married,high_school,0,1
42,38,admin,single,professional_course,0,0
43,57,admin,married,university_degree,0,0
44,44,admin,married,university_degree,0,1
45,42,technician,single,professional_course,0,0
46,57,admin,married,university_degree,0,1
47,40,blue_collar,married,basic_9y,0,0
48,35,admin,married,university_degree,0,1
49,45,blue_collar,married,basic_9y,0,1
50,54,admin,married,high_school,0,0
51,39,housemaid,married,basic_4y,0,0
52,60,admin,married,high_school,0,0
53,53,admin,single,professional_course,0,0
54,55,blue_collar,married,basic_4y,0,0
55,55,technician,married,professional_course,0,1
56,50,management,married,university_degree,0,0
57,45,services,married,high_school,0,1
58,55,unemployed,married,professional_course,0,1
59,25,technician,single,university_degree,0,1
60,47,entrepreneur,married,university_degree,0,0
61,51,blue_collar,married,basic_9y,0,1
62,42,blue_collar,married,basic_6y,0,1
63,42,blue_collar,married,basic_6y,0,0
64,48,admin,married,high_school,0,0
65,37,admin,married,university_degree,0,0
66,44,blue_collar,single,basic_9y,0,1
67,33,admin,married,,0,1
68,56,admin,married,basic_9y,0,1
69,44,blue_collar,single,basic_4y,0,1
70,41,management,married,basic_6y,0,0
71,44,management,divorced,university_degree,0,1
72,47,admin,married,university_degree,0,1
73,57,unknown,married,,0,0
74,37,admin,married,university_degree,0,1
75,41,blue_collar,divorced,basic_4y,0,1
76,55,technician,married,university_degree,0,0
77,33,services,married,high_school,0,1
78,55,management,married,,0,1
79,42,blue_collar,married,basic_9y,0,0
80,50,blue_collar,married,basic_4y,0,1
81,51,blue_collar,married,basic_4y,0,0
82,38,admin,married,high_school,0,0
83,49,entrepreneur,married,university_degree,0,1
84,38,technician,single,university_degree,0,0
85,31,admin,divorced,high_school,0,0
86,41,management,married,basic_6y,0,0
87,39,admin,married,university_degree,0,1
88,49,technician,married,basic_9y,0,0
89,34,admin,married,high_school,0,1
90,35,admin,married,university_degree,0,1
91,57,unknown,married,,0,1
92,60,admin,married,,0,0
93,33,unemployed,married,basic_9y,0,0
94,42,blue_collar,married,basic_6y,0,0
95,45,services,married,professional_course,0,1
96,42,management,married,university_degree,0,0
97,53,admin,divorced,university_degree,0,0
98,37,technician,single,professional_course,0,0
99,44,blue_collar,married,basic_6y,0,0
100,54,services,married,,0,1
101,49,blue_collar,married,basic_4y,0,0
102,54,services,married,,0,0
103,52,admin,divorced,university_degree,0,0
104,52,admin,divorced,university_degree,0,0
105,43,services,single,high_school,0,0
106,34,housemaid,married,basic_6y,0,1
107,35,admin,married,high_school,0,1
108,42,entrepreneur,married,,0,1
109,43,technician,married,,0,1
110,60,retired,divorced,university_degree,0,0
111,58,unemployed,married,basic_4y,0,0
112,35,services,divorced,high_school,0,1
113,55,blue_collar,married,basic_9y,0,1
114,37,management,married,university_degree,0,0
115,36,blue_collar,married,high_school,0,0
116,52,admin,divorced,university_degree,0,0
117,57,blue_collar,divorced,,0,1
118,56,admin,married,,0,1
119,48,blue_collar,divorced,basic_4y,0,1
120,40,blue_collar,married,high_school,0,1
121,49,blue_collar,divorced,high_school,0,0
122,41,services,married,high_school,0,0
123,45,technician,married,high_school,0,1
124,32,admin,married,university_degree,0,1
125,42,admin,married,university_degree,0,0
126,50,admin,married,basic_6y,0,0
127,31,technician,divorced,professional_course,0,1
128,56,retired,married,basic_4y,0,1
129,41,technician,married,professional_course,0,1
130,37,blue_collar,married,basic_6y,0,1
131,41,technician,married,professional_course,0,0
132,35,blue_collar,married,,0,1
133,37,blue_collar,married,basic_6y,0,1
134,52,management,married,university_degree,0,0
135,39,management,divorced,university_degree,0,0
136,39,housemaid,married,basic_4y,0,0
137,56,blue_collar,married,basic_4y,0,0
138,34,services,married,high_school,0,1
139,45,blue_collar,married,basic_9y,0,1
140,43,unemployed,single,university_degree,0,1
141,56,management,married,,0,1
142,39,management,married,university_degree,0,1
143,53,blue_collar,married,basic_4y,0,1
144,38,unknown,divorced,high_school,0,1
145,42,blue_collar,married,basic_4y,0,1
146,42,blue_collar,married,basic_4y,0,0
147,35,admin,single,high_school,0,1
148,40,admin,married,university_degree,0,1
149,51,blue_collar,married,basic_4y,0,1
150,60,blue_collar,married,basic_9y,0,0
151,56,entrepreneur,married,,0,1
152,39,services,divorced,high_school,0,1
153,56,entrepreneur,married,,0,0
154,40,blue_collar,married,,0,1
155,36,blue_collar,married,basic_9y,0,1
156,51,blue_collar,married,,0,1
157,51,blue_collar,married,,0,0
158,43,technician,single,professional_course,0,1
159,59,services,married,high_school,0,0
160,24,management,single,university_degree,0,1
161,37,blue_collar,single,basic_9y,0,1
162,40,blue_collar,married,basic_9y,0,0
163,42,blue_collar,married,basic_9y,0,0
164,39,services,divorced,high_school,0,0
165,37,entrepreneur,married,basic_6y,0,0
166,38,services,married,high_school,0,1
167,56,admin,divorced,,0,0
168,40,blue_collar,married,,0,0
169,54,management,divorced,university_degree,0,1
170,43,blue_collar,married,high_school,0,0
171,36,services,married,high_school,0,0
172,45,technician,married,university_degree,0,1
173,42,admin,single,university_degree,0,0
174,43,services,married,high_school,0,0
175,46,management,married,basic_9y,0,0
176,44,services,married,high_school,0,1
177,51,admin,single,basic_6y,0,0
178,28,services,married,high_school,0,1
179,37,blue_collar,married,basic_9y,0,0
180,34,technician,married,high_school,0,0
181,46,blue_collar,married,basic_6y,0,1
182,42,blue_collar,married,basic_9y,0,1
183,36,admin,married,university_degree,0,1
184,54,blue_collar,married,basic_4y,0,0
185,57,management,married,university_degree,0,0
186,51,technician,married,basic_6y,0,0
187,54,retired,married,high_school,0,0
188,49,blue_collar,married,basic_4y,0,0
189,34,admin,married,university_degree,0,1
190,41,technician,married,professional_course,0,0
191,38,blue_collar,single,basic_9y,0,1
192,45,management,divorced,university_degree,0,0
193,42,technician,married,university_degree,0,0
194,34,blue_collar,single,basic_9y,0,1
195,48,blue_collar,married,basic_4y,0,1
196,37,admin,married,high_school,0,1
197,34,blue_collar,single,basic_9y,0,0
198,40,admin,married,basic_9y,0,1
199,43,blue_collar,married,basic_6y,0,1
200,33,services,married,high_school,0,0
201,32,services,single,basic_6y,0,0
202,39,blue_collar,married,high_school,0,1
203,43,admin,married,,0,0
204,44,blue_collar,married,basic_9y,0,1
205,35,student,single,university_degree,0,0
206,35,student,single,university_degree,0,1
207,35,unemployed,married,professional_course,0,0
208,36,services,single,basic_4y,0,0
209,35,student,single,university_degree,0,1
210,36,student,single,basic_9y,0,1
211,55,housemaid,divorced,university_degree,0,0
212,59,admin,married,university_degree,0,0
213,57,retired,married,,0,0
214,39,blue_collar,married,professional_course,0,1
215,39,housemaid,married,basic_4y,0,1
216,30,blue_collar,single,,0,1
217,30,blue_collar,single,,0,1
218,50,housemaid,married,basic_4y,0,0
219,40,services,married,high_school,0,0
220,35,admin,married,high_school,0,1
221,43,technician,married,,0,0
222,36,services,single,basic_6y,0,1
223,46,technician,married,basic_4y,0,1
224,40,technician,married,basic_9y,0,0
225,58,retired,married,university_degree,0,0
226,42,technician,married,university_degree,0,0
227,35,admin,single,university_degree,0,0
228,43,retired,married,basic_4y,0,0
229,45,blue_collar,married,basic_4y,0,1
230,39,admin,married,professional_course,0,1
231,50,services,divorced,professional_course,0,1
232,32,management,divorced,basic_4y,0,1
233,39,admin,married,high_school,0,0
234,52,self_employed,married,university_degree,0,0
235,44,admin,married,professional_course,0,1
236,56,blue_collar,married,basic_4y,0,0
237,48,admin,married,high_school,0,0
238,33,services,married,high_school,0,0
239,43,management,married,university_degree,0,0
240,57,retired,married,high_school,0,0
241,36,technician,single,professional_course,0,0
242,34,management,married,university_degree,0,1
243,34,services,single,basic_9y,0,0
244,30,technician,married,university_degree,0,0
245,33,services,divorced,,0,0
246,32,technician,single,professional_course,0,0
247,36,technician,single,high_school,0,1
248,36,blue_collar,single,high_school,0,0
249,33,services,single,high_school,0,0
250,40,technician,divorced,professional_course,0,0
251,41,blue_collar,married,basic_4y,0,1
252,51,services,married,basic_6y,0,1
253,36,technician,married,professional_course,0,1
254,28,services,married,,0,0
255,53,services,married,high_school,0,1
256,58,blue_collar,married,basic_9y,0,1
257,45,management,married,basic_9y,0,0
258,43,technician,married,,0,1
259,33,admin,married,high_school,0,0
260,33,admin,married,high_school,0,0
261,27,blue_collar,single,basic_6y,0,0
262,42,technician,married,high_school,0,0
263,43,admin,divorced,basic_9y,0,0
264,42,admin,married,university_degree,0,0
265,27,blue_collar,single,basic_6y,0,0
266,34,self_employed,single,university_degree,0,1
267,31,student,single,university_degree,0,0
268,54,management,divorced,university_degree,0,0
269,40,self_employed,married,basic_4y,0,0
270,52,unemployed,married,high_school,0,1
271,47,management,divorced,university_degree,0,0
272,49,housemaid,married,basic_9y,0,0
273,32,admin,single,high_school,0,0
274,49,housemaid,single,high_school,0,1
275,50,blue_collar,married,basic_9y,0,0
276,34,services,married,high_school,0,0
277,55,blue_collar,married,basic_4y,0,0
278,47,technician,single,basic_9y,0,0
279,51,retired,married,professional_course,0,0
280,47,blue_collar,married,basic_6y,0,0
281,56,technician,married,basic_4y,0,1
282,53,admin,married,basic_9y,0,0
283,36,blue_collar,married,basic_9y,0,1
284,42,blue_collar,divorced,basic_9y,0,1
285,44,blue_collar,divorced,basic_6y,0,0
286,39,housemaid,married,basic_9y,0,1
287,37,admin,single,high_school,0,1
288,60,blue_collar,married,,0,1
289,36,services,married,high_school,0,0
290,42,management,divorced,university_degree,0,1
291,31,admin,married,high_school,0,1
292,53,technician,divorced,professional_course,0,0
293,45,blue_collar,married,basic_4y,0,1
294,37,technician,single,professional_course,0,1
295,47,self_employed,married,professional_course,0,0
296,49,blue_collar,divorced,high_school,0,0
297,36,admin,married,university_degree,0,1
298,35,services,divorced,high_school,0,0
299,38,unknown,married,,0,0
300,38,services,single,high_school,0,0
301,50,blue_collar,divorced,high_school,0,0
302,59,retired,married,professional_course,0,0
303,43,unknown,married,,0,1
304,42,admin,married,high_school,0,1
305,40,admin,married,basic_6y,0,1
306,46,blue_collar,married,,0,0
307,57,housemaid,divorced,basic_4y,0,1
308,42,admin,married,university_degree,0,1
309,41,blue_collar,married,basic_4y,0,1
310,54,management,divorced,university_degree,0,1
311,27,admin,single,university_degree,0,0
312,36,admin,married,high_school,0,0
313,58,blue_collar,married,professional_course,0,1
314,40,management,married,university_degree,0,1
315,34,admin,single,basic_9y,0,0
316,33,admin,divorced,high_school,0,0
317,56,retired,married,basic_6y,0,0
318,42,blue_collar,married,basic_9y,0,0
319,43,services,married,high_school,0,1
320,54,management,single,basic_9y,0,1
321,53,admin,single,basic_6y,0,1
322,42,technician,single,,0,0
323,40,services,married,basic_6y,0,0
324,54,technician,married,professional_course,0,1
325,40,housemaid,single,professional_course,0,0
326,26,admin,single,university_degree,0,1
327,33,admin,married,high_school,0,0
328,35,blue_collar,married,basic_9y,0,0
329,36,admin,married,high_school,0,0
330,29,services,single,high_school,0,1
331,36,blue_collar,married,basic_9y,0,1
332,35,management,married,high_school,0,1
333,50,self_employed,single,university_degree,0,0
334,46,services,married,high_school,0,1
335,49,entrepreneur,married,high_school,0,1
336,42,technician,single,professional_course,0,1
337,36,blue_collar,single,high_school,0,1
338,55,blue_collar,married,basic_9y,0,1
339,41,management,married,university_degree,0,0
340,57,management,married,professional_course,0,1
341,32,services,single,high_school,0,1
342,49,admin,married,basic_9y,0,0
343,57,unknown,married,,0,1
344,58,blue_collar,divorced,basic_4y,0,1
345,52,technician,married,high_school,0,1
346,50,services,divorced,professional_course,0,0
347,41,blue_collar,single,basic_9y,0,1
348,33,entrepreneur,married,university_degree,0,1
349,57,blue_collar,married,basic_4y,0,0
350,48,blue_collar,married,basic_6y,0,0
351,55,technician,married,professional_course,0,0
352,38,management,married,university_degree,0,0
353,38,services,married,high_school,0,1
354,53,admin,married,university_degree,0,1
355,43,unemployed,single,university_degree,0,0
356,36,blue_collar,single,high_school,0,0
357,32,blue_collar,married,basic_9y,0,0
358,33,services,married,basic_4y,0,0
359,58,entrepreneur,married,basic_4y,0,1
360,40,unemployed,divorced,high_school,0,0
361,57,management,married,university_degree,0,1
362,45,technician,married,high_school,0,1
363,42,blue_collar,married,basic_4y,0,1
364,46,admin,married,university_degree,0,1
365,36,technician,married,university_degree,0,0
366,41,self_employed,married,high_school,0,1
367,57,admin,divorced,basic_9y,0,0
368,49,blue_collar,married,basic_9y,0,1
369,56,management,divorced,high_school,0,0
370,37,blue_collar,married,basic_9y,0,0
371,37,blue_collar,married,basic_9y,0,0
372,46,admin,single,high_school,0,1
373,22,blue_collar,single,basic_9y,0,1
374,43,services,married,high_school,0,0
375,49,blue_collar,married,,0,0
376,41,technician,married,basic_6y,0,1
377,38,admin,single,university_degree,0,0
378,33,admin,married,basic_9y,0,0
379,49,admin,married,university_degree,0,1
380,30,blue_collar,single,,0,0
381,33,admin,married,basic_9y,0,1
382,34,management,single,university_degree,0,0
383,30,student,single,,0,0
384,59,management,married,basic_4y,0,1
385,59,management,married,basic_4y,0,0
386,41,self_employed,married,university_degree,0,0
387,48,housemaid,married,basic_6y,0,1
388,28,unknown,single,,0,1
389,44,services,married,high_school,0,1
390,59,retired,unknown,university_degree,0,0
391,50,management,married,high_school,0,0
392,35,admin,married,university_degree,0,0
393,42,admin,married,high_school,0,0
394,45,admin,married,basic_9y,0,0
395,36,technician,married,professional_course,0,0
396,56,services,married,high_school,0,0
397,29,blue_collar,divorced,basic_4y,0,0
398,41,self_employed,married,university_degree,0,1
399,42,blue_collar,married,basic_9y,0,0
400,52,services,single,high_school,0,0
401,48,services,married,high_school,0,0
402,31,blue_collar,married,high_school,0,1
403,43,unemployed,married,university_degree,0,1
404,36,blue_collar,married,basic_4y,0,0
405,42,entrepreneur,married,university_degree,0,1
406,52,services,divorced,basic_6y,0,0
407,39,admin,married,high_school,0,1
408,36,services,married,high_school,0,0
409,42,blue_collar,married,basic_9y,0,1
410,41,admin,married,high_school,0,0
411,55,technician,married,basic_4y,0,0
412,30,blue_collar,married,basic_9y,0,0
413,57,retired,unknown,basic_4y,0,0
414,45,entrepreneur,married,basic_4y,0,1
415,51,blue_collar,married,basic_4y,0,1
416,39,self_employed,single,basic_9y,0,1
417,47,admin,married,high_school,0,0
418,27,services,married,high_school,0,1
419,34,technician,single,university_degree,0,1
420,57,blue_collar,married,basic_4y,0,1
421,43,entrepreneur,married,basic_4y,0,0
422,49,blue_collar,married,basic_4y,0,0
423,39,management,married,university_degree,0,0
424,38,blue_collar,married,basic_4y,0,1
425,49,blue_collar,married,basic_9y,0,0
426,58,management,married,basic_6y,0,0
427,43,technician,married,professional_course,0,1
428,50,unknown,married,,0,1
429,31,services,married,high_school,0,0
430,43,self_employed,divorced,university_degree,0,0
431,43,self_employed,married,basic_9y,0,0
432,30,self_employed,single,university_degree,0,1
433,27,services,single,professional_course,0,1
434,51,services,married,,0,0
435,37,technician,married,professional_course,0,1
436,46,housemaid,married,basic_9y,0,1
437,35,blue_collar,married,professional_course,0,0
438,47,admin,divorced,university_degree,0,0
439,46,management,married,,0,1
440,40,technician,married,professional_course,0,0
441,26,housemaid,married,university_degree,0,0
442,32,blue_collar,divorced,basic_9y,0,0
443,45,management,married,university_degree,0,1
444,34,admin,married,basic_9y,0,0
445,47,blue_collar,married,,0,0
446,42,technician,married,professional_course,0,0
447,57,technician,married,basic_4y,0,0
448,57,technician,married,basic_4y,0,0
449,38,blue_collar,married,basic_4y,0,0
450,57,technician,married,basic_4y,0,0
451,28,student,single,basic_9y,0,1
452,60,management,married,university_degree,0,0
453,48,admin,married,university_degree,0,1
454,47,technician,married,professional_course,0,1
455,40,admin,married,high_school,0,0
456,51,management,married,professional_course,0,1
457,48,unemployed,single,basic_4y,0,1
458,54,housemaid,married,basic_4y,0,0
459,40,blue_collar,married,basic_6y,0,0
460,44,admin,single,basic_9y,0,0
461,42,technician,divorced,high_school,0,0
462,52,self_employed,married,university_degree,0,1
463,31,blue_collar,single,basic_9y,0,1
464,32,services,married,high_school,0,0
465,44,admin,married,high_school,0,1
466,39,management,married,basic_6y,0,0
467,57,management,married,professional_course,0,1
468,52,admin,married,basic_4y,0,1
469,42,management,married,university_degree,0,0
470,42,technician,single,professional_course,0,0
471,43,management,married,professional_course,0,1
472,31,admin,divorced,high_school,0,0
473,29,admin,married,university_degree,0,1
474,57,blue_collar,divorced,basic_4y,0,0
475,44,blue_collar,married,basic_9y,0,0
476,59,unknown,married,,0,0
477,39,blue_collar,married,basic_4y,0,0
478,57,retired,married,university_degree,0,0
479,41,management,married,,0,0
480,37,technician,single,high_school,0,0
481,38,services,married,high_school,0,1
482,42,retired,married,basic_4y,0,0
483,49,unknown,married,,0,1
484,54,management,married,basic_6y,0,1
485,36,admin,married,university_degree,0,0
486,32,admin,single,university_degree,0,0
487,35,technician,married,professional_course,0,1
488,45,housemaid,married,professional_course,0,0
489,56,technician,married,,0,1
490,34,technician,married,university_degree,0,1
491,41,unemployed,married,basic_9y,0,0
492,41,services,married,basic_9y,0,0
493,36,blue_collar,married,basic_9y,0,0
494,32,admin,single,university_degree,0,0
495,31,services,married,high_school,0,0
496,38,technician,married,professional_course,0,1
497,35,admin,divorced,university_degree,0,1
498,53,admin,married,professional_course,0,1
499,51,admin,married,basic_6y,0,1
500,56,entrepreneur,married,university_degree,0,0
501,33,admin,married,basic_9y,0,0
502,33,admin,married,basic_9y,0,0
503,51,services,divorced,high_school,0,1
504,39,services,married,high_school,0,1
505,45,entrepreneur,married,university_degree,0,0
506,40,technician,single,university_degree,0,0
507,60,unknown,single,,0,1
508,33,technician,married,university_degree,0,1
509,47,blue_collar,married,high_school,0,1
510,48,blue_collar,married,basic_4y,0,0
511,43,entrepreneur,married,high_school,0,0
512,37,management,married,university_degree,0,1
513,50,services,married,basic_9y,0,1
514,59,entrepreneur,married,high_school,0,1
515,32,technician,married,,0,1
516,42,housemaid,single,basic_4y,0,1
517,52,blue_collar,married,basic_4y,0,0
518,42,blue_collar,married,,0,0
519,42,admin,married,,0,0
520,40,management,married,basic_9y,0,0
521,38,blue_collar,married,basic_9y,0,0
522,39,blue_collar,married,basic_6y,0,1
523,39,blue_collar,married,basic_6y,0,0
524,38,admin,married,high_school,0,0
525,47,admin,single,,0,1
526,30,services,single,high_school,0,0
527,38,admin,divorced,high_school,0,1
528,39,technician,divorced,university_degree,0,0
529,44,admin,married,high_school,0,0
530,36,admin,married,high_school,0,0
531,41,services,married,high_school,0,1
532,41,blue_collar,married,basic_6y,0,0
533,35,blue_collar,married,basic_9y,0,0
534,41,technician,married,high_school,0,0
535,36,services,married,high_school,0,0
536,35,admin,single,high_school,0,1
537,33,blue_collar,single,basic_4y,0,0
538,38,admin,single,basic_6y,0,0
539,33,self_employed,married,university_degree,0,0
540,55,self_employed,married,,0,0
541,36,blue_collar,single,basic_9y,0,0
542,57,technician,married,professional_course,0,0
543,32,entrepreneur,single,university_degree,0,1
544,30,self_employed,single,high_school,0,1
545,43,admin,married,professional_course,0,1
546,46,admin,married,university_degree,0,0
547,35,admin,divorced,high_school,0,0
548,34,admin,single,university_degree,0,1
549,50,blue_collar,married,basic_4y,0,0
550,39,admin,single,university_degree,0,0
551,39,blue_collar,married,basic_9y,0,0
552,42,entrepreneur,married,basic_6y,0,0
553,57,retired,married,university_degree,0,1
554,45,blue_collar,married,basic_4y,0,0
555,40,technician,married,basic_4y,0,0
556,42,blue_collar,married,high_school,0,0
557,40,technician,married,basic_4y,0,0
558,38,blue_collar,single,basic_4y,0,0
559,39,blue_collar,married,basic_6y,0,1
560,41,blue_collar,married,basic_4y,0,0
561,39,blue_collar,married,basic_6y,0,1
562,41,blue_collar,married,basic_4y,0,1
563,45,admin,married,university_degree,0,0
564,35,admin,divorced,university_degree,0,0
565,35,admin,married,basic_6y,0,1
566,49,blue_collar,married,high_school,0,0
567,36,technician,married,,0,0
568,23,admin,single,university_degree,0,0
569,43,unemployed,married,university_degree,0,0
570,49,entrepreneur,married,professional_course,0,0
571,36,technician,married,professional_course,0,0
572,51,blue_collar,married,basic_9y,0,1
573,56,retired,married,basic_4y,0,1
574,45,housemaid,married,high_school,0,0
575,42,admin,married,high_school,0,0
576,41,admin,divorced,high_school,0,0
577,32,services,married,high_school,0,0
578,46,management,married,university_degree,0,0
579,37,blue_collar,married,,0,0
580,53,management,married,university_degree,0,0
581,30,blue_collar,married,basic_4y,0,0
582,45,unknown,married,,0,0
583,24,technician,single,professional_course,0,0
584,45,unknown,married,,0,0
585,34,admin,single,university_degree,0,0
586,41,management,married,university_degree,0,0
587,59,blue_collar,married,basic_4y,0,1
588,45,blue_collar,married,basic_4y,0,0
589,54,blue_collar,married,basic_6y,0,0
590,32,technician,married,professional_course,0,0
591,33,technician,married,professional_course,0,1
592,32,admin,married,university_degree,0,0
593,34,services,single,high_school,0,0
594,46,management,married,university_degree,0,0
595,57,technician,married,professional_course,0,1
596,42,technician,married,basic_9y,0,0
597,48,admin,married,professional_course,0,1
598,58,admin,divorced,university_degree,0,1
599,34,services,married,high_school,0,0
600,32,admin,single,university_degree,0,1
601,48,blue_collar,married,basic_9y,0,0
602,47,blue_collar,married,basic_9y,0,0
603,31,services,married,high_school,0,0
604,32,admin,single,university_degree,0,1
605,32,admin,single,university_degree,0,0
606,36,services,married,high_school,0,0
607,53,blue_collar,married,basic_4y,0,0
608,37,blue_collar,married,basic_9y,0,0
609,50,services,married,high_school,0,0
610,46,blue_collar,married,basic_6y,0,1
611,41,admin,married,high_school,0,0
612,43,blue_collar,single,basic_4y,0,0
613,51,management,married,university_degree,0,1
614,38,admin,married,university_degree,0,1
615,41,technician,married,basic_6y,0,1
616,39,services,married,high_school,0,0
617,52,blue_collar,married,basic_4y,0,0
618,37,technician,married,professional_course,0,1
619,41,admin,married,basic_9y,0,1
620,46,admin,divorced,university_degree,0,1
621,47,technician,married,professional_course,0,0
622,35,technician,married,professional_course,0,0
623,38,services,married,high_school,0,0
624,30,blue_collar,single,,0,1
625,46,blue_collar,married,basic_9y,0,1
626,30,technician,married,professional_course,0,0
627,35,services,single,basic_4y,0,0
628,58,admin,married,,0,1
629,40,technician,married,professional_course,0,0
630,34,technician,married,university_degree,0,0
631,30,admin,single,university_degree,0,0
632,38,services,married,basic_6y,0,0
633,55,management,single,basic_4y,0,0
634,55,management,married,university_degree,0,1
635,45,technician,single,professional_course,0,1
636,36,admin,married,university_degree,0,1
637,32,admin,single,university_degree,0,0
638,35,technician,married,,0,1
639,55,management,divorced,university_degree,0,1
640,49,housemaid,married,basic_4y,0,0
641,29,admin,married,high_school,0,1
642,34,blue_collar,married,basic_4y,0,1
643,54,retired,married,high_school,0,1
644,36,technician,single,professional_course,0,0
645,30,management,single,university_degree,0,1
646,33,housemaid,divorced,university_degree,0,0
647,37,blue_collar,married,high_school,0,0
648,36,technician,married,basic_9y,0,1
649,33,blue_collar,married,high_school,0,0
650,32,housemaid,married,high_school,0,1
651,32,housemaid,married,high_school,0,0
652,50,blue_collar,married,basic_4y,0,1
653,39,blue_collar,married,basic_9y,0,0
654,51,blue_collar,divorced,,0,1
655,33,services,married,high_school,0,0
656,33,services,married,basic_4y,0,0
657,56,management,married,university_degree,0,0
658,39,management,divorced,university_degree,0,1
659,33,self_employed,single,university_degree,0,0
660,59,retired,divorced,basic_4y,0,0
661,42,admin,single,,0,1
662,43,services,married,high_school,0,0
663,35,admin,married,university_degree,0,0
664,46,blue_collar,married,basic_6y,0,1
665,27,technician,married,basic_9y,0,0
666,47,admin,divorced,university_degree,0,1
667,31,admin,single,university_degree,0,0
668,32,blue_collar,married,basic_9y,0,1
669,54,admin,married,high_school,0,0
670,56,management,married,university_degree,0,0
671,48,services,single,high_school,0,1
672,44,admin,married,high_school,0,1
673,46,admin,married,high_school,0,0
674,45,services,married,high_school,0,1
675,43,admin,married,professional_course,0,0
676,40,admin,single,high_school,0,0
677,56,management,married,university_degree,0,1
678,47,entrepreneur,married,professional_course,0,0
679,39,management,divorced,university_degree,0,1
680,48,technician,married,basic_4y,0,0
681,45,housemaid,married,professional_course,0,1
682,36,self_employed,married,university_degree,0,0
683,49,management,married,professional_course,0,1
684,46,services,married,high_school,0,0
685,38,blue_collar,married,basic_9y,0,1
686,50,housemaid,married,basic_4y,0,1
687,27,admin,single,high_school,0,1
688,40,technician,married,professional_course,0,1
689,46,management,married,university_degree,0,1
690,40,admin,divorced,university_degree,0,1
691,33,management,single,university_degree,0,0
692,54,retired,married,high_school,0,1
693,52,blue_collar,married,basic_4y,0,1
694,53,admin,married,university_degree,0,1
695,49,services,married,high_school,0,0
696,42,blue_collar,married,basic_4y,0,0
697,49,housemaid,married,basic_4y,0,0
698,40,entrepreneur,married,basic_9y,0,0
699,59,admin,married,university_degree,0,0
700,51,self_employed,married,basic_9y,0,1
701,57,housemaid,married,basic_6y,0,1
702,38,self_employed,divorced,basic_9y,0,1
703,52,self_employed,married,university_degree,0,0
704,26,unemployed,single,basic_9y,0,1
705,35,admin,married,university_degree,0,1
706,51,admin,married,university_degree,0,0
707,43,blue_collar,married,basic_4y,0,1
708,42,admin,married,high_school,0,1
709,60,retired,divorced,university_degree,0,1
710,36,blue_collar,married,basic_9y,0,1
711,57,management,married,university_degree,0,0
712,35,student,single,university_degree,0,0
713,30,admin,married,university_degree,0,0
714,43,services,married,high_school,0,0
715,40,technician,married,basic_9y,0,0
716,45,technician,married,university_degree,0,0
717,56,retired,married,high_school,0,0
718,46,services,married,basic_6y,0,0
719,41,blue_collar,married,basic_4y,0,1
720,42,admin,married,university_degree,0,1
721,56,blue_collar,married,basic_4y,0,0
722,43,entrepreneur,married,basic_4y,0,1
723,34,blue_collar,married,basic_4y,0,0
724,38,services,married,high_school,0,1
725,40,technician,married,basic_9y,0,0
726,38,admin,married,high_school,0,0
727,48,entrepreneur,married,university_degree,0,1
728,27,blue_collar,married,basic_9y,0,1
729,24,technician,single,professional_course,0,0
730,47,admin,single,,0,1
731,48,blue_collar,married,professional_course,0,0
732,31,admin,single,high_school,0,1
733,39,self_employed,single,basic_4y,0,1
734,41,technician,single,university_degree,0,0
735,49,blue_collar,married,basic_4y,0,1
736,56,retired,married,basic_4y,0,0
737,49,admin,married,high_school,0,0
738,47,unemployed,divorced,university_degree,0,0
739,44,blue_collar,married,,0,1
740,48,admin,divorced,high_school,0,0
741,55,housemaid,married,basic_4y,0,1
742,59,management,married,basic_4y,0,1
743,44,technician,single,professional_course,0,1
744,46,blue_collar,married,basic_9y,0,0
745,39,blue_collar,divorced,basic_6y,0,1
746,38,unemployed,married,basic_4y,0,1
747,36,services,married,high_school,0,1
748,29,admin,single,university_degree,0,0
749,31,technician,single,professional_course,0,1
750,30,services,divorced,basic_9y,0,0
751,36,blue_collar,married,basic_4y,0,1
752,60,blue_collar,married,professional_course,0,0
753,36,admin,married,university_degree,0,1
754,32,services,married,high_school,0,0
755,39,blue_collar,married,basic_9y,0,1
756,30,services,married,university_degree,0,1
757,39,blue_collar,married,basic_4y,0,0
758,37,blue_collar,married,basic_9y,0,1
759,39,blue_collar,married,professional_course,0,1
760,46,blue_collar,married,basic_4y,0,0
761,43,unemployed,married,basic_4y,0,0
762,37,services,married,high_school,0,1
763,30,technician,married,university_degree,0,0
764,38,technician,married,professional_course,0,0
765,31,technician,married,university_degree,0,1
766,44,admin,married,university_degree,0,0
767,44,self_employed,married,university_degree,0,0
768,38,technician,married,,0,0
769,30,student,single,high_school,0,0
770,37,blue_collar,married,basic_4y,0,0
771,54,housemaid,divorced,,0,1
772,41,management,married,,0,1
773,43,technician,married,professional_course,0,0
774,38,housemaid,married,basic_9y,0,0
775,41,blue_collar,married,basic_4y,0,1
776,38,blue_collar,single,,0,0
777,33,blue_collar,married,basic_9y,0,0
778,32,admin,married,high_school,0,1
779,30,services,married,high_school,0,0
780,43,technician,married,basic_6y,0,1
781,30,services,married,high_school,0,1
782,36,technician,divorced,professional_course,0,0
783,38,blue_collar,married,basic_6y,0,0
784,35,blue_collar,single,basic_6y,0,1
785,50,self_employed,married,university_degree,0,0
786,38,blue_collar,married,basic_9y,0,1
787,58,admin,married,basic_4y,0,0
788,50,technician,married,professional_course,0,1
789,33,blue_collar,single,basic_9y,0,0
790,33,blue_collar,single,basic_9y,0,0
791,44,management,single,university_degree,0,1
792,31,management,married,high_school,0,0
793,40,entrepreneur,married,basic_9y,0,0
794,28,unknown,single,basic_9y,0,0
795,36,services,single,,0,1
796,44,blue_collar,single,high_school,0,0
797,38,blue_collar,divorced,,0,1
798,33,blue_collar,married,basic_9y,0,0
799,39,blue_collar,divorced,basic_6y,0,1
800,47,blue_collar,single,basic_4y,0,1
801,47,services,divorced,high_school,0,0
802,35,entrepreneur,single,professional_course,0,0
803,42,admin,divorced,university_degree,0,0
804,36,admin,married,high_school,0,0
805,35,technician,married,basic_6y,0,0
806,36,services,single,,0,1
807,56,entrepreneur,married,university_degree,0,1
808,26,admin,single,high_school,0,0
809,31,admin,single,university_degree,0,1
810,57,self_employed,single,high_school,0,0
811,39,services,married,high_school,0,0
812,43,blue_collar,married,high_school,0,1
813,50,admin,married,university_degree,0,0
814,52,blue_collar,single,high_school,0,0
815,39,blue_collar,divorced,basic_9y,0,0
816,44,technician,single,,0,1
817,36,housemaid,married,basic_4y,0,1
818,54,management,married,high_school,0,1
819,27,admin,single,basic_9y,0,1
820,31,admin,single,university_degree,0,0
821,31,admin,married,university_degree,0,0
822,28,blue_collar,married,basic_6y,0,0
823,31,management,single,university_degree,0,1
824,30,management,divorced,high_school,0,0
825,52,technician,married,professional_course,0,1
826,37,technician,divorced,professional_course,0,0
827,30,services,married,university_degree,0,1
828,45,blue_collar,married,basic_9y,0,1
829,54,technician,married,university_degree,0,1
830,49,entrepreneur,married,basic_9y,0,1
831,44,admin,married,high_school,0,0
832,28,student,single,basic_9y,0,1
833,53,technician,married,high_school,0,1
834,45,blue_collar,married,basic_9y,0,1
835,45,blue_collar,married,basic_9y,0,0
836,51,admin,married,high_school,0,1
837,41,blue_collar,married,basic_9y,0,1
838,43,technician,married,professional_course,0,1
839,31,admin,single,university_degree,0,1
840,39,admin,single,,0,1
841,38,technician,married,professional_course,0,0
842,50,entrepreneur,married,basic_9y,0,1
843,53,admin,single,university_degree,0,1
844,44,admin,divorced,high_school,0,1
845,53,blue_collar,married,basic_9y,0,1
846,24,services,single,high_school,0,0
847,34,admin,single,high_school,0,1
848,40,technician,married,professional_course,0,1
849,57,management,divorced,university_degree,0,1
850,43,blue_collar,married,basic_4y,0,1
851,31,blue_collar,married,basic_6y,0,0
852,31,services,married,basic_6y,0,1
853,31,blue_collar,married,basic_6y,0,1
854,45,housemaid,married,basic_4y,0,1
855,38,admin,married,university_degree,0,0
856,41,entrepreneur,married,university_degree,0,1
857,47,blue_collar,married,professional_course,0,1
858,42,blue_collar,married,basic_6y,0,0
859,35,blue_collar,single,,0,1
860,40,management,married,university_degree,0,1
861,42,blue_collar,married,basic_6y,0,0
862,34,technician,married,professional_course,0,1
863,48,admin,single,university_degree,0,1
864,35,blue_collar,married,,0,1
865,33,blue_collar,married,high_school,0,1
866,37,technician,married,professional_course,0,1
867,43,technician,married,professional_course,0,1
868,42,admin,single,,0,0
869,46,admin,divorced,university_degree,0,1
870,37,blue_collar,single,basic_9y,0,1
871,40,blue_collar,married,high_school,0,1
872,40,blue_collar,married,high_school,0,1
873,59,entrepreneur,divorced,high_school,0,1
874,43,technician,single,university_degree,0,0
875,44,blue_collar,married,basic_6y,0,1
876,44,blue_collar,married,basic_4y,0,1
877,41,admin,married,university_degree,0,1
878,28,unknown,single,basic_9y,0,1
879,48,services,married,high_school,0,1
880,31,admin,single,high_school,0,1
881,27,blue_collar,married,basic_9y,0,1
882,43,technician,single,university_degree,0,1
883,47,retired,married,basic_4y,0,1
884,40,blue_collar,divorced,,0,1
885,43,unknown,married,high_school,0,0
886,29,technician,married,professional_course,0,1
887,54,admin,married,university_degree,0,0
888,36,technician,married,professional_course,0,0
889,30,admin,single,university_degree,0,0
890,38,services,single,,0,1
891,39,blue_collar,married,basic_6y,0,0
892,33,blue_collar,married,basic_9y,0,0
893,39,retired,single,high_school,0,1
894,38,technician,single,professional_course,0,0
895,44,admin,married,high_school,0,1
896,33,blue_collar,married,basic_9y,0,1
897,37,blue_collar,married,basic_6y,0,0
898,32,management,married,basic_6y,0,0
899,46,technician,married,professional_course,0,1
900,34,technician,divorced,professional_course,0,1
901,52,technician,married,basic_4y,0,0
902,46,blue_collar,married,basic_6y,0,0
903,57,management,divorced,university_degree,0,0
904,52,technician,married,basic_4y,0,0
905,32,technician,single,professional_course,0,0
906,31,blue_collar,single,basic_9y,0,0
907,46,admin,divorced,basic_9y,0,0
908,59,services,divorced,high_school,0,0
909,38,blue_collar,married,,0,0
910,42,blue_collar,divorced,basic_6y,0,1
911,40,blue_collar,married,basic_4y,0,0
912,46,admin,married,professional_course,0,0
913,35,admin,single,high_school,0,0
914,28,blue_collar,married,basic_9y,0,0
915,47,services,married,high_school,0,1
916,35,blue_collar,married,basic_4y,0,1
917,48,retired,married,basic_9y,0,1
918,40,blue_collar,married,basic_6y,0,1
919,32,services,single,high_school,0,1
920,59,retired,divorced,basic_4y,0,1
921,48,entrepreneur,married,basic_9y,0,0
922,45,blue_collar,married,basic_9y,0,1
923,49,blue_collar,single,basic_6y,0,1
924,51,admin,married,university_degree,0,1
925,38,technician,single,university_degree,0,1
926,53,technician,married,high_school,0,1
927,49,blue_collar,married,basic_9y,0,1
928,31,blue_collar,married,basic_9y,0,1
929,36,services,married,high_school,0,1
930,54,retired,married,basic_4y,0,1
931,29,admin,single,high_school,0,1
932,31,blue_collar,married,basic_6y,0,1
933,35,admin,married,high_school,0,1
934,38,blue_collar,married,basic_9y,0,0
935,54,management,married,high_school,0,1
936,48,admin,married,basic_9y,0,0
937,48,management,divorced,university_degree,0,1
938,32,admin,single,university_degree,0,1
939,34,technician,married,professional_course,0,1
940,49,technician,single,university_degree,0,1
941,44,blue_collar,married,basic_9y,0,0
942,42,services,divorced,high_school,0,0
943,55,blue_collar,married,basic_4y,0,0
944,42,services,divorced,high_school,0,0
945,44,admin,married,university_degree,0,0
946,51,blue_collar,married,basic_9y,0,0
947,43,blue_collar,married,basic_4y,0,1
948,52,technician,married,high_school,0,1
949,45,blue_collar,single,basic_6y,0,1
950,41,services,divorced,high_school,0,1
951,35,technician,divorced,,0,1
952,41,services,divorced,high_school,0,0
953,46,management,married,basic_9y,0,0
954,36,housemaid,divorced,basic_9y,0,0
955,29,technician,married,professional_course,0,0
956,47,services,married,,0,0
957,43,blue_collar,married,basic_4y,0,1
958,38,blue_collar,single,basic_9y,0,0
959,44,blue_collar,married,basic_4y,0,1
960,29,services,married,high_school,0,0
961,58,unknown,married,,0,0
962,48,blue_collar,married,professional_course,0,0
963,46,blue_collar,married,basic_9y,0,0
964,31,blue_collar,married,basic_4y,0,1
965,47,services,married,,0,0
966,44,admin,married,university_degree,0,1
967,31,blue_collar,married,basic_4y,0,1
968,38,unemployed,divorced,professional_course,0,0
969,33,admin,married,university_degree,0,0
970,53,blue_collar,married,basic_9y,0,1
971,33,management,single,,0,1
972,33,self_employed,married,basic_9y,0,1
973,37,admin,divorced,university_degree,0,1
974,55,blue_collar,married,basic_9y,0,1
975,41,admin,single,basic_6y,0,0
976,46,blue_collar,married,basic_6y,0,1
977,32,entrepreneur,divorced,university_degree,0,0
978,48,blue_collar,married,high_school,0,0
979,34,entrepreneur,married,basic_4y,0,1
980,35,admin,single,university_degree,0,0
981,55,blue_collar,married,basic_4y,0,1
982,45,entrepreneur,single,university_degree,0,0
983,48,management,divorced,university_degree,0,0
984,34,blue_collar,married,basic_6y,0,1
985,46,admin,divorced,university_degree,0,0
986,34,blue_collar,married,basic_6y,0,1
987,51,unemployed,married,professional_course,0,0
988,37,admin,married,university_degree,0,0
989,54,housemaid,divorced,basic_4y,0,0
990,45,services,married,high_school,0,1
991,39,services,single,high_school,0,0
992,39,blue_collar,married,basic_9y,0,0
993,39,technician,single,basic_6y,0,0
994,39,services,married,basic_9y,0,0
995,32,entrepreneur,married,basic_6y,0,1
996,41,services,single,high_school,0,1
997,59,housemaid,married,basic_6y,0,1
998,57,technician,married,basic_9y,0,1
999,30,services,married,,0,0
1000,34,entrepreneur,married,basic_4y,0,0
1001,34,technician,married,high_school,0,0
1002,38,blue_collar,divorced,,0,0
1003,31,blue_collar,married,basic_6y,0,1
1004,47,admin,married,university_degree,0,0
1005,57,self_employed,single,high_school,0,0
1006,44,blue_collar,married,basic_9y,0,0
1007,45,services,married,high_school,0,1
1008,36,unemployed,married,basic_4y,0,1
1009,44,services,married,high_school,0,1
1010,51,management,married,university_degree,0,0
1011,28,admin,single,university_degree,0,0
1012,50,technician,married,high_school,0,0
1013,51,entrepreneur,married,university_degree,0,0
1014,38,blue_collar,single,basic_9y,0,0
1015,44,blue_collar,married,basic_4y,0,1
1016,35,admin,single,basic_4y,0,0
1017,35,admin,single,basic_4y,0,1
1018,32,admin,single,high_school,0,0
1019,48,blue_collar,married,basic_9y,0,1
1020,35,admin,single,basic_4y,0,0
1021,44,technician,married,professional_course,0,0
1022,43,technician,married,professional_course,0,0
1023,40,management,married,high_school,0,0
1024,50,self_employed,married,basic_4y,0,0
1025,44,technician,married,professional_course,0,1
1026,37,blue_collar,single,basic_9y,0,0
1027,32,services,divorced,high_school,0,1
1028,58,admin,married,high_school,0,0
1029,49,technician,married,high_school,0,1
1030,32,blue_collar,married,basic_4y,0,0
1031,30,services,married,high_school,0,0
1032,28,admin,married,high_school,0,1
1033,40,blue_collar,married,basic_4y,0,0
1034,44,management,married,university_degree,0,0
1035,30,services,married,professional_course,0,1
1036,30,services,married,professional_course,0,0
1037,28,technician,single,professional_course,0,1
1038,58,housemaid,married,basic_4y,0,1
1039,45,blue_collar,single,high_school,0,0
1040,35,blue_collar,married,professional_course,0,0
1041,57,retired,divorced,high_school,0,0
1042,35,admin,divorced,high_school,0,1
1043,41,technician,single,university_degree,0,0
1044,42,services,married,high_school,0,0
1045,42,blue_collar,married,basic_4y,0,0
1046,51,blue_collar,married,basic_4y,0,1
1047,48,management,married,university_degree,0,1
1048,39,blue_collar,married,basic_6y,0,0
1049,47,retired,married,basic_4y,0,0
1050,34,technician,single,professional_course,0,0
1051,44,services,married,basic_6y,0,0
1052,52,housemaid,divorced,professional_course,0,1
1053,51,blue_collar,married,basic_4y,0,1
1054,49,services,married,high_school,0,0
1055,35,admin,single,basic_4y,0,1
1056,44,admin,married,high_school,0,0
1057,37,admin,married,high_school,0,1
1058,47,management,married,university_degree,0,0
1059,43,management,married,professional_course,0,0
1060,40,blue_collar,married,basic_9y,0,1
1061,32,management,divorced,basic_4y,0,0
1062,42,blue_collar,married,basic_4y,0,0
1063,42,self_employed,married,university_degree,0,1
1064,39,technician,married,professional_course,0,0
1065,32,housemaid,married,basic_4y,0,0
1066,30,services,married,,0,1
1067,42,blue_collar,married,basic_4y,0,1
1068,35,blue_collar,married,basic_6y,0,1
1069,56,retired,married,basic_4y,0,0
1070,40,blue_collar,married,basic_9y,0,0
1071,26,admin,single,university_degree,0,1
1072,57,management,divorced,university_degree,0,0
1073,51,blue_collar,married,basic_4y,0,0
1074,31,technician,married,professional_course,0,0
1075,31,admin,married,university_degree,0,0
1076,60,services,married,,0,0
1077,29,admin,single,university_degree,0,1
1078,44,entrepreneur,married,basic_4y,0,0
1079,26,technician,single,basic_9y,0,1
1080,54,blue_collar,married,basic_4y,0,1
1081,34,blue_collar,single,high_school,0,0
1082,29,admin,single,high_school,0,1
1083,33,admin,divorced,high_school,0,1
1084,35,blue_collar,single,high_school,0,1
1085,42,management,married,basic_6y,0,1
1086,53,retired,married,basic_4y,0,1
1087,51,technician,married,professional_course,0,1
1088,59,retired,divorced,basic_4y,0,1
1089,51,admin,married,basic_6y,0,0
1090,36,blue_collar,married,basic_9y,0,1
1091,47,technician,divorced,professional_course,0,0
1092,51,admin,married,university_degree,0,0
1093,42,admin,married,university_degree,0,1
1094,40,technician,married,professional_course,0,1
1095,26,blue_collar,married,basic_9y,0,0
1096,45,technician,married,professional_course,0,1
1097,51,blue_collar,married,basic_4y,0,1
1098,42,services,married,high_school,0,0
1099,31,technician,married,professional_course,0,1
1100,38,blue_collar,married,basic_4y,0,0
1101,51,services,divorced,basic_6y,0,0
1102,39,entrepreneur,married,high_school,0,1
1103,36,blue_collar,married,,0,1
1104,60,services,married,,0,1
1105,34,management,married,university_degree,0,1
1106,41,blue_collar,married,basic_4y,0,1
1107,34,management,married,university_degree,0,1
1108,36,blue_collar,married,basic_9y,0,0
1109,33,technician,married,professional_course,0,0
1110,46,admin,single,university_degree,0,0
1111,44,blue_collar,married,basic_4y,0,1
1112,30,blue_collar,married,basic_6y,0,0
1113,34,management,married,university_degree,0,0
1114,54,admin,divorced,university_degree,0,0
1115,58,self_employed,married,professional_course,0,1
1116,29,services,married,high_school,0,1
1117,41,entrepreneur,married,university_degree,0,0
1118,53,blue_collar,married,basic_9y,0,1
1119,35,admin,married,university_degree,0,0
1120,34,blue_collar,single,basic_9y,0,0
1121,36,blue_collar,single,,0,1
1122,31,blue_collar,married,basic_9y,0,0
1123,59,retired,married,basic_4y,0,0
1124,49,technician,married,professional_course,0,0
1125,37,management,married,high_school,0,0
1126,50,management,married,university_degree,0,1
1127,34,services,married,high_school,0,0
1128,32,admin,married,university_degree,0,0
1129,45,blue_collar,married,basic_9y,0,1
1130,39,management,married,university_degree,0,1
1131,43,unknown,married,high_school,0,0
1132,43,blue_collar,married,basic_4y,0,0
1133,52,blue_collar,married,basic_9y,0,0
1134,54,blue_collar,married,basic_9y,0,1
1135,54,blue_collar,married,basic_9y,0,1
1136,31,services,single,high_school,0,1
1137,35,blue_collar,married,basic_6y,0,0
1138,28,admin,married,high_school,0,1
1139,56,retired,married,basic_9y,0,1
1140,35,admin,single,basic_4y,0,0
1141,45,blue_collar,married,basic_9y,0,0
1142,38,entrepreneur,married,basic_9y,0,0
1143,42,technician,married,professional_course,0,1
1144,44,blue_collar,married,basic_4y,0,0
1145,58,admin,divorced,university_degree,0,1
1146,43,admin,divorced,high_school,0,1
1147,37,technician,married,professional_course,0,1
1148,45,blue_collar,married,basic_9y,0,0
1149,59,retired,married,university_degree,0,0
1150,50,blue_collar,married,basic_9y,0,0
1151,41,admin,married,high_school,0,1
1152,33,admin,married,university_degree,0,1
1153,46,blue_collar,married,professional_course,0,0
1154,30,admin,single,high_school,0,0
1155,28,services,single,high_school,0,0
1156,58,admin,married,university_degree,0,0
1157,43,blue_collar,married,basic_4y,0,0
1158,39,self_employed,married,high_school,0,1
1159,25,services,married,professional_course,0,0
1160,39,admin,single,,0,0
1161,42,retired,married,basic_9y,0,1
1162,43,admin,married,high_school,0,1
1163,43,admin,married,high_school,0,0
1164,33,admin,single,university_degree,0,0
1165,52,unknown,married,basic_4y,0,0
1166,42,services,married,professional_course,0,1
1167,53,blue_collar,married,basic_4y,0,0
1168,41,housemaid,married,basic_6y,0,0
1169,48,blue_collar,married,professional_course,0,1
1170,40,admin,single,high_school,0,1
1171,40,admin,single,high_school,0,0
1172,53,blue_collar,married,high_school,0,0
1173,55,admin,married,high_school,0,0
1174,39,technician,married,professional_course,0,0
1175,35,blue_collar,married,basic_9y,0,0
1176,50,housemaid,divorced,basic_4y,0,0
1177,38,services,divorced,basic_6y,0,0
1178,41,unemployed,married,basic_9y,0,0
1179,44,technician,married,professional_course,0,0
1180,39,admin,married,basic_6y,0,0
1181,44,unknown,married,basic_6y,0,0
1182,51,technician,married,professional_course,0,0
1183,41,technician,married,high_school,0,1
1184,31,technician,married,professional_course,0,0
1185,40,blue_collar,married,high_school,0,1
1186,38,self_employed,single,university_degree,0,0
1187,48,blue_collar,married,basic_6y,0,0
1188,32,admin,married,high_school,0,0
1189,46,blue_collar,single,basic_9y,0,1
1190,49,housemaid,married,basic_4y,0,0
1191,47,blue_collar,married,basic_6y,0,1
1192,28,blue_collar,married,basic_6y,0,0
1193,38,admin,single,university_degree,0,1
1194,28,blue_collar,married,basic_6y,0,0
1195,51,services,married,,0,1
1196,50,blue_collar,married,basic_9y,0,1
1197,38,admin,single,university_degree,0,1
1198,48,blue_collar,married,basic_6y,0,1
1199,44,technician,divorced,,0,1
1200,30,technician,married,professional_course,0,0
1201,34,blue_collar,single,basic_4y,0,0
1202,36,blue_collar,married,basic_6y,0,1
1203,41,management,married,university_degree,0,0
1204,40,blue_collar,married,basic_6y,0,0
1205,35,unknown,married,basic_9y,0,1
1206,46,blue_collar,married,basic_4y,0,0
1207,35,unknown,married,basic_9y,0,1
1208,32,management,single,university_degree,0,0
1209,34,admin,married,university_degree,0,0
1210,35,blue_collar,married,basic_9y,0,1
1211,28,admin,single,professional_course,0,0
1212,30,services,married,high_school,0,0
1213,48,unemployed,married,basic_4y,0,1
1214,53,blue_collar,married,professional_course,0,1
1215,31,management,married,university_degree,0,1
1216,59,retired,married,,0,1
1217,51,unemployed,married,high_school,0,1
1218,47,services,married,high_school,0,1
1219,40,technician,married,university_degree,0,0
1220,42,entrepreneur,single,university_degree,0,1
1221,30,housemaid,married,high_school,0,0
1222,40,blue_collar,married,basic_9y,0,0
1223,30,housemaid,married,high_school,0,0
1224,50,entrepreneur,married,basic_9y,0,1
1225,36,blue_collar,married,basic_6y,0,0
1226,29,unemployed,single,university_degree,0,0
1227,43,blue_collar,married,basic_9y,0,0
1228,35,services,married,high_school,0,0
1229,35,unknown,single,basic_4y,0,0
1230,48,blue_collar,divorced,basic_4y,0,0
1231,49,technician,married,professional_course,0,0
1232,44,blue_collar,married,basic_6y,0,0
1233,32,blue_collar,married,professional_course,0,0
1234,55,admin,married,high_school,0,0
1235,41,admin,married,basic_4y,0,0
1236,27,student,single,high_school,0,0
1237,41,blue_collar,married,basic_9y,0,1
1238,36,blue_collar,married,basic_6y,0,1
1239,45,services,married,basic_9y,0,0
1240,36,blue_collar,married,high_school,0,0
1241,54,technician,married,basic_9y,0,0
1242,48,admin,married,high_school,0,0
1243,32,blue_collar,married,basic_6y,0,0
1244,33,management,married,university_degree,0,0
1245,43,blue_collar,married,basic_4y,0,0
1246,44,technician,single,high_school,0,0
1247,50,technician,married,professional_course,0,0
1248,32,student,single,university_degree,0,0
1249,43,blue_collar,married,basic_4y,0,1
1250,32,student,single,university_degree,0,1
1251,43,blue_collar,married,basic_4y,0,0
1252,40,admin,divorced,professional_course,0,1
1253,24,services,single,high_school,0,1
1254,32,technician,married,university_degree,0,0
1255,43,blue_collar,married,basic_4y,0,1
1256,43,technician,single,university_degree,0,1
1257,35,admin,married,university_degree,0,1
1258,33,admin,single,high_school,0,1
1259,43,blue_collar,married,basic_4y,0,1
1260,48,technician,married,professional_course,0,1
1261,52,housemaid,married,basic_4y,0,0
1262,49,blue_collar,married,basic_4y,0,1
1263,30,admin,married,high_school,0,1
1264,36,services,married,high_school,0,1
1265,39,blue_collar,married,basic_6y,0,0
1266,39,blue_collar,married,basic_6y,0,0
1267,36,admin,divorced,university_degree,0,0
1268,39,blue_collar,married,basic_6y,0,0
1269,31,admin,married,high_school,0,0
1270,41,technician,married,professional_course,0,1
1271,35,unknown,married,basic_9y,0,0
1272,55,retired,married,university_degree,0,0
1273,57,retired,married,high_school,0,1
1274,38,entrepreneur,married,basic_6y,0,1
1275,52,blue_collar,married,basic_9y,0,1
1276,60,services,married,high_school,0,1
1277,24,student,single,high_school,0,1
1278,38,entrepreneur,married,basic_6y,0,0
1279,44,technician,divorced,high_school,0,0
1280,42,blue_collar,married,basic_9y,0,1
1281,25,services,divorced,high_school,0,1
1282,32,admin,married,basic_6y,0,0
1283,51,blue_collar,married,basic_4y,0,0
1284,28,admin,single,university_degree,0,0
1285,27,housemaid,married,basic_9y,0,1
1286,35,blue_collar,married,basic_9y,0,1
1287,45,services,married,basic_9y,0,1
1288,30,services,single,high_school,0,1
1289,60,entrepreneur,married,basic_4y,0,1
1290,28,services,single,,0,1
1291,45,blue_collar,married,basic_4y,0,0
1292,37,unemployed,married,professional_course,0,0
1293,37,unemployed,married,professional_course,0,0
1294,36,services,married,basic_6y,0,1
1295,49,blue_collar,married,basic_4y,0,1
1296,35,services,married,professional_course,0,1
1297,34,admin,single,high_school,0,0
1298,31,blue_collar,married,basic_9y,0,0
1299,42,admin,married,university_degree,0,1
1300,39,blue_collar,married,basic_6y,0,1
1301,33,services,married,university_degree,0,1
1302,38,unemployed,married,high_school,0,0
1303,30,admin,divorced,university_degree,0,0
1304,31,blue_collar,divorced,professional_course,0,1
1305,39,management,married,university_degree,0,0
1306,37,blue_collar,married,,0,1
1307,48,blue_collar,married,basic_4y,0,0
1308,32,services,married,high_school,0,0
1309,48,blue_collar,married,basic_6y,0,1
1310,37,technician,single,university_degree,0,1
1311,37,technician,single,university_degree,0,0
1312,26,services,divorced,basic_6y,0,0
1313,33,management,married,high_school,0,0
1314,54,admin,married,university_degree,0,1
1315,37,blue_collar,married,basic_9y,0,1
1316,35,entrepreneur,married,university_degree,0,1
1317,45,admin,married,university_degree,0,0
1318,33,services,single,high_school,0,1
1319,54,admin,married,university_degree,0,0
1320,37,blue_collar,married,basic_4y,0,0
1321,35,blue_collar,married,basic_9y,0,0
1322,33,blue_collar,divorced,basic_6y,0,1
1323,49,technician,married,professional_course,0,0
1324,43,technician,married,university_degree,0,1
1325,43,entrepreneur,married,university_degree,0,0
1326,39,blue_collar,married,basic_6y,0,0
1327,47,blue_collar,married,basic_9y,0,1
1328,30,services,divorced,high_school,0,0
1329,51,admin,divorced,university_degree,0,1
1330,59,blue_collar,married,basic_6y,0,1
1331,31,blue_collar,married,basic_9y,0,1
1332,39,unemployed,married,university_degree,0,1
1333,43,blue_collar,married,basic_6y,0,0
1334,30,blue_collar,married,basic_9y,0,1
1335,37,blue_collar,married,professional_course,0,0
1336,42,blue_collar,married,basic_6y,0,0
1337,37,blue_collar,married,professional_course,0,1
1338,37,admin,divorced,university_degree,0,1
1339,37,blue_collar,single,basic_6y,0,1
1340,36,management,single,basic_6y,0,0
1341,48,blue_collar,married,basic_9y,0,1
1342,43,services,married,high_school,0,0
1343,28,blue_collar,married,basic_6y,0,0
1344,30,admin,divorced,high_school,0,1
1345,60,entrepreneur,married,basic_4y,0,1
1346,31,blue_collar,married,basic_9y,0,0
1347,38,entrepreneur,married,university_degree,0,0
1348,50,technician,married,high_school,0,1
1349,36,blue_collar,married,basic_9y,0,1
1350,50,unemployed,married,professional_course,0,0
1351,54,entrepreneur,married,basic_4y,0,0
1352,33,management,married,university_degree,0,0
1353,20,entrepreneur,single,high_school,0,0
1354,24,blue_collar,married,basic_9y,0,1
1355,28,management,single,,0,1
1356,55,housemaid,married,basic_4y,0,1
1357,25,blue_collar,married,high_school,0,0
1358,41,admin,married,basic_9y,0,1
1359,39,blue_collar,married,basic_6y,0,1
1360,27,blue_collar,married,basic_9y,0,1
1361,27,blue_collar,married,basic_9y,0,0
1362,34,blue_collar,married,basic_6y,0,1
1363,25,technician,single,professional_course,0,0
1364,48,management,married,university_degree,0,1
1365,36,blue_collar,single,basic_6y,0,0
1366,36,blue_collar,married,basic_9y,0,0
1367,27,blue_collar,married,basic_9y,0,0
1368,45,management,married,university_degree,0,1
1369,28,blue_collar,married,basic_6y,0,1
1370,30,technician,single,basic_6y,0,1
1371,43,blue_collar,married,basic_4y,0,0
1372,32,admin,single,high_school,0,0
1373,29,services,single,basic_9y,0,0
1374,35,blue_collar,married,basic_9y,0,0
1375,43,admin,married,high_school,0,1
1376,35,unknown,married,basic_9y,0,0
1377,36,admin,married,high_school,0,1
1378,36,admin,married,high_school,0,0
1379,48,admin,married,high_school,0,0
1380,38,blue_collar,single,basic_4y,0,0
1381,38,blue_collar,single,basic_9y,0,0
1382,45,admin,married,high_school,0,1
1383,35,technician,married,professional_course,0,0
1384,42,services,married,high_school,0,0
1385,56,blue_collar,married,basic_4y,0,0
1386,30,technician,married,professional_course,0,0
1387,45,blue_collar,married,basic_4y,0,1
1388,39,services,single,high_school,0,0
1389,36,blue_collar,married,basic_6y,0,0
1390,32,admin,married,university_degree,0,0
1391,29,admin,single,high_school,0,0
1392,34,blue_collar,married,basic_9y,0,0
1393,36,self_employed,single,basic_6y,0,0
1394,33,management,married,high_school,0,0
1395,43,unemployed,married,basic_4y,0,0
1396,31,services,married,basic_6y,0,0
1397,35,blue_collar,married,basic_6y,0,0
1398,42,admin,married,university_degree,0,0
1399,35,blue_collar,married,basic_6y,0,0
1400,44,blue_collar,married,basic_4y,0,0
1401,36,technician,divorced,professional_course,0,1
1402,47,admin,married,university_degree,0,0
1403,59,technician,married,professional_course,0,0
1404,29,blue_collar,single,high_school,0,0
1405,30,services,single,high_school,0,0
1406,38,blue_collar,married,basic_9y,0,0
1407,45,management,single,university_degree,0,0
1408,28,self_employed,single,university_degree,0,0
1409,37,blue_collar,married,basic_4y,0,0
1410,38,entrepreneur,married,basic_6y,0,1
1411,28,admin,single,basic_9y,0,1
1412,31,technician,divorced,professional_course,0,1
1413,37,blue_collar,married,basic_4y,0,1
1414,36,housemaid,divorced,university_degree,0,0
1415,54,housemaid,married,basic_9y,0,1
1416,53,retired,married,basic_6y,0,0
1417,43,unemployed,married,basic_9y,0,1
1418,49,admin,married,high_school,0,0
1419,32,self_employed,divorced,professional_course,0,0
1420,36,services,married,high_school,0,1
1421,50,blue_collar,single,basic_9y,0,1
1422,51,blue_collar,divorced,basic_9y,0,0
1423,38,blue_collar,married,basic_4y,0,1
1424,44,self_employed,married,professional_course,0,0
1425,29,blue_collar,married,high_school,0,0
1426,46,blue_collar,divorced,basic_6y,0,0
1427,32,unemployed,divorced,basic_4y,0,0
1428,43,blue_collar,divorced,basic_4y,0,0
1429,53,admin,married,university_degree,0,0
1430,43,blue_collar,married,basic_6y,0,0
1431,35,services,single,basic_4y,0,0
1432,49,admin,divorced,basic_9y,0,1
1433,35,blue_collar,married,basic_6y,0,1
1434,40,services,single,professional_course,0,0
1435,29,services,divorced,high_school,0,0
1436,43,blue_collar,married,basic_4y,0,0
1437,47,blue_collar,married,basic_6y,0,0
1438,38,technician,married,university_degree,0,0
1439,48,technician,married,professional_course,0,1
1440,53,retired,married,high_school,0,1
1441,53,management,married,university_degree,0,1
1442,51,blue_collar,married,basic_9y,0,1
1443,35,services,married,basic_9y,0,1
1444,31,entrepreneur,divorced,high_school,0,1
1445,46,entrepreneur,married,basic_4y,0,0
1446,28,blue_collar,married,basic_6y,0,1
1447,38,admin,married,basic_9y,0,1
1448,28,self_employed,single,university_degree,0,1
1449,50,technician,married,professional_course,0,1
1450,32,management,single,university_degree,0,0
1451,31,blue_collar,divorced,basic_4y,0,1
1452,39,blue_collar,married,basic_9y,0,0
1453,41,blue_collar,married,basic_9y,0,0
1454,31,admin,married,high_school,0,1
1455,54,blue_collar,married,basic_9y,0,0
1456,34,blue_collar,married,basic_6y,0,0
1457,51,services,married,high_school,0,1
1458,45,blue_collar,single,basic_9y,0,0
1459,32,admin,divorced,high_school,0,0
1460,28,student,married,university_degree,0,0
1461,40,management,married,university_degree,0,1
1462,55,admin,divorced,university_degree,0,1
1463,41,self_employed,single,university_degree,0,0
1464,57,services,divorced,high_school,0,0
1465,44,entrepreneur,married,high_school,0,1
1466,29,blue_collar,single,high_school,0,1
1467,38,admin,single,university_degree,0,0
1468,34,blue_collar,married,basic_4y,0,1
1469,36,technician,single,university_degree,0,1
1470,39,services,divorced,high_school,0,1
1471,30,blue_collar,married,basic_9y,0,1
1472,35,services,married,basic_9y,0,0
1473,60,entrepreneur,married,basic_4y,0,0
1474,35,blue_collar,married,basic_9y,0,1
1475,38,self_employed,single,university_degree,0,0
1476,57,blue_collar,divorced,professional_course,0,0
1477,44,technician,divorced,,0,0
1478,40,entrepreneur,married,basic_9y,0,1
1479,46,technician,divorced,basic_9y,0,1
1480,50,technician,married,professional_course,0,1
1481,45,management,married,university_degree,0,1
1482,57,services,married,basic_6y,0,0
1483,35,admin,single,basic_6y,0,1
1484,38,blue_collar,married,basic_6y,0,0
1485,30,services,divorced,high_school,0,1
1486,25,services,divorced,high_school,0,0
1487,52,self_employed,single,university_degree,0,1
1488,37,technician,single,university_degree,0,1
1489,60,retired,divorced,high_school,0,1
1490,42,blue_collar,married,basic_4y,0,0
1491,37,blue_collar,married,professional_course,0,1
1492,43,services,married,high_school,0,0
1493,33,services,unknown,high_school,0,1
1494,32,technician,married,professional_course,0,1
1495,41,technician,married,professional_course,0,0
1496,37,blue_collar,married,basic_6y,0,0
1497,39,blue_collar,married,basic_9y,0,0
1498,36,services,married,high_school,0,0
1499,38,blue_collar,married,basic_6y,0,0
1500,33,admin,married,high_school,0,1
1501,41,services,divorced,high_school,0,1
1502,58,services,married,basic_4y,0,0
1503,44,blue_collar,single,basic_9y,0,0
1504,36,blue_collar,married,basic_9y,0,0
1505,33,admin,married,high_school,0,1
1506,30,technician,married,professional_course,0,0
1507,44,blue_collar,married,basic_9y,0,0
1508,32,admin,married,high_school,0,1
1509,38,admin,married,basic_9y,0,0
1510,41,blue_collar,married,professional_course,0,1
1511,40,services,married,basic_9y,0,0
1512,33,blue_collar,married,basic_6y,0,1
1513,28,admin,single,university_degree,0,1
1514,46,blue_collar,married,basic_4y,0,0
1515,35,technician,married,university_degree,0,1
1516,40,admin,married,university_degree,0,1
1517,36,services,married,high_school,0,1
1518,38,management,married,university_degree,0,0
1519,36,services,married,high_school,0,1
1520,40,admin,married,high_school,0,1
1521,31,services,married,basic_9y,0,1
1522,47,technician,married,professional_course,0,1
1523,35,technician,single,professional_course,0,1
1524,29,admin,single,university_degree,0,0
1525,29,blue_collar,single,high_school,0,1
1526,35,self_employed,married,university_degree,0,0
1527,33,services,single,basic_6y,0,0
1528,41,management,divorced,university_degree,0,1
1529,54,admin,married,university_degree,0,1
1530,31,admin,single,university_degree,0,0
1531,55,technician,married,university_degree,0,1
1532,38,admin,married,high_school,0,0
1533,41,services,married,high_school,0,0
1534,49,unemployed,married,university_degree,0,1
1535,39,services,married,high_school,0,1
1536,34,blue_collar,divorced,professional_course,0,0
1537,39,services,divorced,high_school,0,1
1538,37,services,married,high_school,0,0
1539,45,blue_collar,married,high_school,0,1
1540,49,admin,married,university_degree,0,1
1541,43,blue_collar,married,basic_4y,0,0
1542,40,management,married,high_school,0,0
1543,42,admin,married,university_degree,0,1
1544,47,services,single,high_school,0,0
1545,56,entrepreneur,married,university_degree,0,1
1546,43,management,married,university_degree,0,0
1547,34,blue_collar,married,basic_9y,0,0
1548,29,admin,divorced,university_degree,0,0
1549,53,entrepreneur,married,university_degree,0,1
1550,50,entrepreneur,married,basic_9y,0,1
1551,51,self_employed,married,university_degree,0,0
1552,20,entrepreneur,single,high_school,0,0
1553,41,blue_collar,married,professional_course,0,1
1554,47,blue_collar,married,basic_9y,0,1
1555,48,technician,married,professional_course,0,1
1556,29,entrepreneur,married,university_degree,0,1
1557,28,technician,single,professional_course,0,1
1558,31,blue_collar,single,professional_course,0,0
1559,29,blue_collar,single,basic_6y,0,0
1560,42,blue_collar,married,basic_4y,0,1
1561,40,blue_collar,single,basic_6y,0,0
1562,33,management,married,university_degree,0,0
1563,33,services,single,professional_course,0,0
1564,34,management,divorced,basic_6y,0,1
1565,36,admin,married,high_school,0,1
1566,35,admin,married,university_degree,0,1
1567,38,technician,divorced,professional_course,0,1
1568,31,blue_collar,single,basic_9y,0,0
1569,30,blue_collar,married,basic_6y,0,0
1570,42,admin,single,university_degree,0,0
1571,27,technician,single,high_school,0,1
1572,39,retired,single,high_school,0,0
1573,38,admin,married,high_school,0,1
1574,30,management,married,university_degree,0,1
1575,52,housemaid,married,university_degree,0,1
1576,38,admin,married,high_school,0,1
1577,54,technician,married,basic_9y,0,0
1578,29,admin,single,university_degree,0,1
1579,32,blue_collar,married,basic_9y,0,0
1580,28,admin,married,high_school,0,0
1581,30,admin,married,high_school,0,1
1582,44,technician,married,professional_course,0,0
1583,37,blue_collar,married,basic_4y,0,0
1584,48,admin,married,professional_course,0,1
1585,25,blue_collar,married,professional_course,0,0
1586,49,blue_collar,married,basic_4y,0,0
1587,60,technician,married,university_degree,0,1
1588,29,admin,single,high_school,0,0
1589,55,technician,married,basic_9y,0,0
1590,41,blue_collar,married,basic_9y,0,1
1591,39,services,single,high_school,0,0
1592,39,management,married,high_school,0,0
1593,31,admin,married,university_degree,0,1
1594,38,services,married,high_school,0,0
1595,32,technician,married,university_degree,0,1
1596,53,housemaid,divorced,basic_6y,0,0
1597,37,admin,married,high_school,0,0
1598,34,self_employed,married,professional_course,0,0
1599,31,admin,married,high_school,0,1
1600,39,unemployed,married,high_school,0,0
1601,39,unemployed,married,high_school,0,1
1602,39,unemployed,married,high_school,0,1
1603,37,admin,married,high_school,0,1
1604,30,blue_collar,married,basic_4y,0,0
1605,32,blue_collar,married,professional_course,0,0
1606,37,technician,married,basic_9y,0,0
1607,27,blue_collar,married,university_degree,0,0
1608,32,unknown,unknown,university_degree,0,0
1609,33,blue_collar,single,basic_9y,0,1
1610,47,blue_collar,single,basic_4y,0,0
1611,40,blue_collar,married,basic_9y,0,0
1612,38,blue_collar,married,basic_4y,0,1
1613,33,services,married,high_school,0,0
1614,54,admin,married,university_degree,0,0
1615,51,services,married,high_school,0,1
1616,41,blue_collar,single,basic_9y,0,1
1617,51,blue_collar,married,high_school,0,0
1618,55,services,married,high_school,0,1
1619,39,admin,single,high_school,0,1
1620,37,self_employed,married,basic_9y,0,1
1621,39,blue_collar,married,basic_9y,0,1
1622,33,management,married,university_degree,0,0
1623,33,management,married,university_degree,0,0
1624,59,management,married,university_degree,0,0
1625,55,technician,married,basic_9y,0,1
1626,53,blue_collar,married,basic_9y,0,1
1627,36,services,married,basic_6y,0,0
1628,40,services,married,high_school,0,0
1629,37,technician,single,professional_course,0,0
1630,56,housemaid,divorced,high_school,0,0
1631,32,admin,married,high_school,0,1
1632,38,management,married,basic_9y,0,0
1633,28,services,married,high_school,0,0
1634,30,blue_collar,married,basic_9y,0,1
1635,45,management,married,basic_4y,0,1
1636,60,housemaid,married,high_school,0,0
1637,32,student,single,university_degree,0,0
1638,39,unemployed,single,basic_9y,0,1
1639,56,services,married,basic_4y,0,1
1640,31,blue_collar,married,basic_9y,0,0
1641,20,entrepreneur,single,high_school,0,0
1642,42,blue_collar,married,basic_6y,0,0
1643,46,admin,married,university_degree,0,1
1644,28,technician,single,university_degree,0,0
1645,41,admin,single,university_degree,0,0
1646,33,admin,divorced,basic_9y,0,0
1647,43,admin,married,university_degree,0,1
1648,43,admin,married,university_degree,0,0
1649,47,unemployed,married,high_school,0,1
1650,24,technician,single,professional_course,0,0
1651,31,blue_collar,married,basic_4y,0,0
1652,25,services,divorced,high_school,0,0
1653,35,blue_collar,married,basic_6y,0,0
1654,58,blue_collar,married,basic_4y,0,0
1655,35,blue_collar,married,professional_course,0,1
1656,35,blue_collar,married,basic_9y,0,0
1657,25,admin,married,high_school,0,0
1658,31,blue_collar,married,basic_4y,0,0
1659,39,admin,married,basic_9y,0,0
1660,39,blue_collar,married,basic_6y,0,1
1661,37,blue_collar,married,basic_9y,0,1
1662,36,unemployed,divorced,professional_course,0,1
1663,45,unemployed,married,high_school,0,1
1664,30,blue_collar,married,basic_9y,0,1
1665,60,retired,married,high_school,0,0
1666,37,admin,divorced,university_degree,0,0
1667,28,services,single,high_school,0,1
1668,45,admin,married,basic_9y,0,1
1669,31,entrepreneur,single,basic_9y,0,0
1670,49,unemployed,single,professional_course,0,0
1671,46,unknown,married,basic_4y,0,0
1672,36,services,divorced,university_degree,0,0
1673,33,technician,divorced,professional_course,0,1
1674,27,services,single,high_school,0,0
1675,60,retired,married,university_degree,0,0
1676,60,retired,married,university_degree,0,1
1677,27,services,single,high_school,0,0
1678,39,blue_collar,married,high_school,0,1
1679,39,services,married,high_school,0,1
1680,35,unknown,single,basic_4y,0,0
1681,56,admin,single,high_school,0,0
1682,39,admin,married,university_degree,0,1
1683,35,entrepreneur,married,basic_9y,0,0
1684,35,technician,divorced,high_school,0,0
1685,58,management,married,,0,1
1686,29,management,single,university_degree,0,1
1687,32,blue_collar,married,high_school,0,0
1688,35,management,married,university_degree,0,1
1689,26,admin,married,high_school,0,1
1690,31,technician,married,professional_course,0,0
1691,33,blue_collar,married,basic_6y,0,1
1692,39,blue_collar,divorced,basic_9y,0,1
1693,49,blue_collar,married,basic_6y,0,1
1694,31,admin,married,high_school,0,0
1695,31,admin,married,high_school,0,0
1696,49,blue_collar,married,basic_4y,0,0
1697,49,blue_collar,married,basic_4y,0,0
1698,31,entrepreneur,married,basic_9y,0,0
1699,36,management,married,basic_9y,0,0
1700,52,management,married,professional_course,0,0
1701,37,blue_collar,single,,0,0
1702,40,blue_collar,divorced,basic_9y,0,0
1703,36,blue_collar,single,basic_4y,0,0
1704,34,technician,single,professional_course,0,0
1705,39,management,single,university_degree,0,0
1706,39,management,single,university_degree,0,0
1707,58,retired,divorced,university_degree,0,1
1708,56,services,married,high_school,0,0
1709,29,blue_collar,single,basic_9y,0,0
1710,39,admin,married,high_school,0,0
1711,31,technician,married,professional_course,0,0
1712,60,management,married,university_degree,0,0
1713,39,blue_collar,married,basic_6y,0,1
1714,49,admin,divorced,high_school,0,1
1715,45,unemployed,married,high_school,0,0
1716,32,blue_collar,married,high_school,0,1
1717,41,technician,married,high_school,0,0
1718,32,services,married,high_school,0,0
1719,46,services,married,professional_course,0,0
1720,28,services,single,basic_9y,0,0
1721,51,blue_collar,married,basic_9y,0,0
1722,50,services,single,high_school,0,0
1723,35,admin,married,professional_course,0,1
1724,24,services,single,high_school,0,1
1725,51,blue_collar,married,basic_9y,0,0
1726,59,admin,married,university_degree,0,0
1727,33,technician,married,professional_course,0,0
1728,36,unemployed,single,basic_4y,0,0
1729,24,services,single,high_school,0,0
1730,30,blue_collar,single,basic_9y,0,1
1731,49,admin,married,university_degree,0,0
1732,38,technician,married,professional_course,0,1
1733,34,admin,married,university_degree,0,1
1734,25,technician,single,professional_course,0,1
1735,35,unemployed,married,basic_9y,0,0
1736,43,entrepreneur,married,high_school,0,1
1737,36,unemployed,single,basic_4y,0,0
1738,36,unemployed,single,basic_4y,0,0
1739,37,technician,married,professional_course,0,1
1740,36,self_employed,married,university_degree,0,0
1741,32,admin,divorced,high_school,0,1
1742,33,blue_collar,single,high_school,0,0
1743,42,services,married,high_school,0,0
1744,37,admin,married,high_school,0,1
1745,35,admin,married,high_school,0,0
1746,50,admin,married,high_school,0,1
1747,48,admin,married,high_school,0,1
1748,50,management,single,university_degree,0,1
1749,39,technician,divorced,professional_course,0,1
1750,33,management,single,university_degree,0,0
1751,29,admin,married,high_school,0,0
1752,33,admin,married,high_school,0,1
1753,41,admin,single,university_degree,0,1
1754,46,blue_collar,married,basic_4y,0,1
1755,27,services,single,high_school,0,0
1756,42,admin,single,basic_9y,0,0
1757,44,admin,married,high_school,0,1
1758,37,housemaid,married,high_school,0,0
1759,24,services,single,high_school,0,0
1760,30,blue_collar,married,basic_6y,0,1
1761,53,management,married,basic_4y,0,1
1762,36,entrepreneur,married,university_degree,0,0
1763,24,services,single,high_school,0,1
1764,49,entrepreneur,married,high_school,0,0
1765,41,blue_collar,married,high_school,0,1
1766,40,admin,married,high_school,0,1
1767,40,housemaid,married,basic_4y,0,1
1768,49,entrepreneur,married,high_school,0,0
1769,25,admin,single,high_school,0,1
1770,34,management,married,university_degree,0,1
1771,34,technician,married,professional_course,0,1
1772,28,blue_collar,single,basic_6y,0,0
1773,39,admin,married,basic_9y,0,1
1774,34,technician,married,professional_course,0,0
1775,36,technician,married,professional_course,0,0
1776,60,technician,divorced,professional_course,0,1
1777,32,retired,married,high_school,0,0
1778,40,housemaid,divorced,high_school,0,0
1779,56,blue_collar,married,basic_6y,0,0
1780,36,technician,married,professional_course,0,1
1781,27,entrepreneur,married,university_degree,0,0
1782,33,blue_collar,single,basic_9y,0,1
1783,36,technician,married,professional_course,0,0
1784,47,blue_collar,married,basic_4y,0,0
1785,47,blue_collar,married,basic_4y,0,1
1786,40,unemployed,married,basic_9y,0,1
1787,30,blue_collar,married,basic_9y,0,1
1788,37,housemaid,married,basic_4y,0,1
1789,39,technician,married,professional_course,0,0
1790,58,blue_collar,married,basic_9y,0,0
1791,32,admin,married,university_degree,0,0
1792,34,blue_collar,married,basic_9y,0,1
1793,43,blue_collar,married,basic_4y,0,0
1794,30,technician,married,professional_course,0,1
1795,52,admin,married,university_degree,0,0
1796,46,blue_collar,divorced,basic_9y,0,1
1797,32,admin,single,university_degree,0,1
1798,53,self_employed,married,university_degree,0,0
1799,45,blue_collar,married,basic_9y,0,0
1800,31,blue_collar,married,basic_9y,0,0
1801,51,technician,married,professional_course,0,0
1802,45,admin,married,high_school,0,0
1803,32,admin,married,high_school,0,0
1804,43,admin,married,high_school,0,1
1805,34,admin,married,high_school,0,1
1806,25,blue_collar,single,basic_4y,0,1
1807,41,management,married,,0,1
1808,25,blue_collar,single,basic_4y,0,0
1809,43,admin,married,university_degree,0,1
1810,34,blue_collar,married,basic_9y,0,1
1811,44,admin,married,basic_9y,0,0
1812,59,admin,married,university_degree,0,0
1813,39,technician,divorced,professional_course,0,0
1814,52,management,married,high_school,0,1
1815,50,blue_collar,married,basic_4y,0,0
1816,42,admin,divorced,university_degree,0,1
1817,30,technician,married,university_degree,0,0
1818,49,services,married,high_school,0,1
1819,44,blue_collar,single,basic_6y,0,1
1820,41,technician,married,university_degree,0,1
1821,27,services,single,high_school,0,1
1822,32,admin,single,university_degree,0,1
1823,27,admin,single,high_school,0,1
1824,29,management,single,university_degree,0,0
1825,53,admin,married,university_degree,0,1
1826,30,blue_collar,single,basic_9y,0,1
1827,29,management,single,university_degree,0,1
1828,32,technician,single,university_degree,0,0
1829,55,admin,divorced,university_degree,0,1
1830,39,admin,married,university_degree,0,1
1831,37,blue_collar,single,high_school,0,0
1832,26,admin,married,university_degree,0,1
1833,52,self_employed,married,university_degree,0,0
1834,28,admin,single,university_degree,0,1
1835,33,management,single,university_degree,0,1
1836,60,management,married,university_degree,0,0
1837,45,blue_collar,married,basic_4y,0,1
1838,32,admin,single,university_degree,0,1
1839,50,unemployed,married,basic_9y,0,1
1840,47,management,divorced,basic_4y,0,0
1841,40,technician,married,university_degree,0,0
1842,45,services,married,high_school,0,0
1843,52,blue_collar,married,basic_9y,0,1
1844,43,management,married,,0,0
1845,40,blue_collar,married,basic_6y,0,1
1846,43,blue_collar,single,basic_9y,0,1
1847,28,blue_collar,single,basic_9y,0,1
1848,36,technician,married,professional_course,0,1
1849,37,services,married,high_school,0,1
1850,32,admin,single,university_degree,0,0
1851,26,technician,married,high_school,0,1
1852,35,admin,married,high_school,0,1
1853,56,admin,married,university_degree,0,0
1854,56,blue_collar,married,basic_4y,0,0
1855,37,entrepreneur,single,university_degree,0,0
1856,43,technician,single,professional_course,0,0
1857,41,housemaid,married,high_school,0,1
1858,55,unemployed,single,basic_4y,0,0
1859,43,technician,single,professional_course,0,0
1860,29,unknown,married,university_degree,0,0
1861,31,services,married,high_school,0,1
1862,39,admin,single,university_degree,0,0
1863,38,blue_collar,single,basic_9y,0,1
1864,56,admin,married,high_school,0,1
1865,36,entrepreneur,married,,0,1
1866,54,management,married,basic_4y,0,0
1867,34,admin,married,university_degree,0,1
1868,28,services,single,basic_9y,0,1
1869,34,blue_collar,married,basic_4y,0,1
1870,45,blue_collar,married,basic_9y,0,1
1871,59,admin,married,university_degree,0,1
1872,46,blue_collar,married,professional_course,0,1
1873,25,blue_collar,married,basic_9y,0,1
1874,33,admin,divorced,university_degree,0,0
1875,27,admin,married,university_degree,0,1
1876,33,admin,divorced,university_degree,0,0
1877,56,blue_collar,married,basic_4y,0,1
1878,25,admin,married,high_school,0,1
1879,30,housemaid,married,high_school,0,1
1880,38,blue_collar,divorced,basic_9y,0,0
1881,37,self_employed,single,university_degree,0,1
1882,58,entrepreneur,married,university_degree,0,0
1883,28,blue_collar,married,basic_6y,0,0
1884,42,blue_collar,married,basic_9y,0,0
1885,36,technician,single,professional_course,0,0
1886,52,management,married,professional_course,0,0
1887,33,technician,single,high_school,0,0
1888,33,management,single,university_degree,0,0
1889,29,blue_collar,single,high_school,0,0
1890,34,blue_collar,married,basic_9y,0,1
1891,50,management,single,university_degree,0,1
1892,38,management,married,university_degree,0,0
1893,33,services,married,high_school,0,0
1894,42,admin,married,university_degree,0,0
1895,52,self_employed,married,university_degree,0,1
1896,28,blue_collar,married,basic_9y,0,1
1897,56,services,married,high_school,0,1
1898,35,technician,married,professional_course,0,0
1899,33,admin,married,high_school,0,1
1900,32,blue_collar,married,basic_9y,0,1
1901,50,retired,married,basic_4y,0,1
1902,29,admin,single,basic_9y,0,0
1903,30,technician,married,professional_course,0,0
1904,46,blue_collar,married,basic_9y,0,1
1905,26,admin,single,high_school,0,1
1906,34,admin,single,basic_9y,0,0
1907,46,self_employed,married,basic_9y,0,1
1908,33,management,married,high_school,0,1
1909,50,housemaid,divorced,high_school,0,0
1910,31,technician,single,basic_9y,0,0
1911,48,blue_collar,married,professional_course,0,0
1912,57,entrepreneur,married,high_school,0,1
1913,45,admin,divorced,basic_9y,0,0
1914,50,services,married,professional_course,0,1
1915,44,unknown,single,basic_9y,0,0
1916,44,services,married,high_school,0,0
1917,32,services,married,high_school,0,1
1918,37,housemaid,single,basic_9y,0,1
1919,34,admin,single,high_school,0,0
1920,27,services,married,basic_9y,0,1
1921,40,housemaid,single,university_degree,0,1
1922,39,services,married,high_school,0,0
1923,29,admin,married,high_school,0,1
1924,34,blue_collar,married,basic_6y,0,1
1925,25,blue_collar,married,basic_9y,0,0
1926,29,services,married,basic_9y,0,0
1927,44,technician,single,professional_course,0,0
1928,33,admin,single,university_degree,0,1
1929,33,blue_collar,married,basic_4y,0,1
1930,40,blue_collar,married,high_school,0,0
1931,59,retired,married,basic_4y,0,0
1932,38,technician,single,professional_course,0,0
1933,41,blue_collar,married,basic_6y,0,0
1934,33,services,married,high_school,0,1
1935,36,admin,married,high_school,0,1
1936,48,admin,married,basic_9y,0,0
1937,44,services,divorced,high_school,0,1
1938,50,blue_collar,divorced,basic_9y,0,0
1939,35,self_employed,married,professional_course,0,0
1940,51,entrepreneur,married,basic_4y,0,0
1941,24,blue_collar,married,basic_9y,0,1
1942,32,management,married,high_school,0,1
1943,56,services,divorced,high_school,0,0
1944,50,technician,married,university_degree,0,1
1945,38,blue_collar,married,high_school,0,0
1946,25,self_employed,single,university_degree,0,0
1947,28,services,single,high_school,0,0
1948,41,blue_collar,married,basic_4y,0,0
1949,34,blue_collar,married,,0,0
1950,27,services,single,high_school,0,0
1951,31,admin,married,university_degree,0,0
1952,39,housemaid,married,basic_4y,0,1
1953,26,entrepreneur,married,,0,0
1954,37,blue_collar,married,basic_6y,0,1
1955,25,student,single,high_school,0,0
1956,33,services,married,high_school,0,1
1957,40,blue_collar,married,,0,0
1958,37,entrepreneur,single,university_degree,0,0
1959,46,housemaid,married,basic_9y,0,0
1960,53,admin,divorced,high_school,0,1
1961,32,unemployed,married,basic_9y,0,0
1962,43,services,divorced,basic_9y,0,1
1963,38,technician,single,professional_course,0,1
1964,26,technician,married,professional_course,0,1
1965,52,blue_collar,single,basic_9y,0,1
1966,54,admin,married,basic_4y,0,0
1967,51,services,married,professional_course,0,0
1968,42,admin,married,basic_9y,0,1
1969,41,management,single,,0,0
1970,26,services,single,high_school,0,0
1971,38,housemaid,married,basic_6y,0,1
1972,54,technician,married,,0,0
1973,41,blue_collar,divorced,basic_4y,0,0
1974,26,blue_collar,single,high_school,0,0
1975,43,management,married,basic_4y,0,1
1976,28,technician,single,professional_course,0,1
1977,35,technician,divorced,professional_course,0,0
1978,45,admin,married,high_school,0,0
1979,40,admin,married,high_school,0,0
1980,37,technician,married,professional_course,0,1
1981,52,technician,married,university_degree,0,0
1982,36,admin,married,high_school,0,1
1983,40,blue_collar,married,basic_9y,0,1
1984,43,blue_collar,married,basic_4y,0,1
1985,36,blue_collar,married,basic_6y,0,0
1986,36,blue_collar,single,high_school,0,0
1987,43,blue_collar,married,basic_4y,0,1
1988,44,blue_collar,married,basic_9y,0,1
1989,49,blue_collar,married,professional_course,0,0
1990,56,retired,married,basic_4y,0,1
1991,39,blue_collar,divorced,basic_9y,0,0
1992,29,blue_collar,married,professional_course,0,1
1993,41,admin,single,university_degree,0,0
1994,47,admin,married,university_degree,0,1
1995,38,blue_collar,married,basic_6y,0,1
1996,36,technician,married,high_school,0,1
1997,46,technician,divorced,professional_course,0,1
1998,47,services,divorced,high_school,0,1
1999,47,blue_collar,single,basic_4y,0,1
2000,42,self_employed,married,university_degree,0,1
2001,42,management,married,university_degree,0,1
2002,59,management,married,university_degree,0,0
2003,33,unemployed,married,professional_course,0,1
2004,48,entrepreneur,married,high_school,0,1
2005,53,technician,single,professional_course,0,1
2006,57,blue_collar,married,,0,0
2007,34,services,married,high_school,0,1
2008,51,services,divorced,professional_course,0,1
2009,39,blue_collar,married,basic_6y,0,1
2010,45,unknown,married,,0,0
2011,37,admin,married,high_school,0,1
2012,44,blue_collar,married,basic_6y,0,1
2013,48,admin,married,university_degree,0,0
2014,59,retired,married,university_degree,0,0
2015,44,admin,single,high_school,0,0
2016,50,blue_collar,married,basic_9y,0,1
2017,35,services,married,high_school,0,1
2018,53,self_employed,married,university_degree,0,0
2019,41,technician,married,professional_course,0,0
2020,55,admin,married,high_school,0,1
2021,36,blue_collar,married,basic_4y,0,0
2022,37,blue_collar,married,basic_4y,0,1
2023,36,management,divorced,high_school,0,0
2024,45,management,married,basic_9y,0,1
2025,35,admin,single,basic_6y,0,1
2026,32,admin,married,high_school,0,1
2027,43,blue_collar,married,basic_6y,0,1
2028,36,entrepreneur,married,university_degree,0,1
2029,55,admin,divorced,university_degree,0,1
2030,55,technician,divorced,professional_course,0,1
2031,54,services,married,basic_4y,0,1
2032,39,housemaid,married,university_degree,0,1
2033,40,technician,married,professional_course,0,0
2034,49,services,married,high_school,0,0
2035,45,unemployed,married,high_school,0,0
2036,32,admin,single,university_degree,0,0
2037,57,management,divorced,university_degree,0,1
2038,41,admin,divorced,high_school,0,0
2039,24,services,single,high_school,0,0
2040,49,management,divorced,high_school,0,1
2041,49,management,divorced,high_school,0,0
2042,59,retired,single,university_degree,0,0
2043,44,blue_collar,married,professional_course,0,0
2044,43,management,married,basic_6y,0,0
2045,59,blue_collar,married,basic_4y,0,0
2046,36,unemployed,married,,0,0
2047,49,technician,divorced,basic_9y,0,1
2048,39,entrepreneur,divorced,high_school,0,0
2049,39,entrepreneur,divorced,high_school,0,0
2050,33,blue_collar,single,high_school,0,0
2051,42,blue_collar,married,professional_course,0,1
2052,33,management,married,university_degree,0,0
2053,51,blue_collar,married,basic_4y,0,0
2054,29,management,single,university_degree,0,1
2055,35,admin,married,university_degree,0,1
2056,29,student,single,high_school,0,0
2057,34,management,married,university_degree,0,0
2058,33,services,married,high_school,0,0
2059,54,management,divorced,university_degree,0,0
2060,56,services,divorced,high_school,0,0
2061,34,blue_collar,married,basic_4y,0,1
2062,51,blue_collar,married,basic_4y,0,1
2063,33,blue_collar,married,professional_course,0,0
2064,39,admin,married,university_degree,0,0
2065,32,blue_collar,married,professional_course,0,0
2066,37,admin,married,university_degree,0,1
2067,47,technician,divorced,university_degree,0,0
2068,26,technician,married,university_degree,0,0
2069,26,self_employed,married,university_degree,0,0
2070,25,blue_collar,married,high_school,0,0
2071,52,entrepreneur,married,university_degree,0,0
2072,59,blue_collar,married,basic_4y,0,0
2073,39,blue_collar,divorced,high_school,0,0
2074,31,blue_collar,married,basic_4y,0,0
2075,56,housemaid,divorced,basic_4y,0,0
2076,29,technician,single,university_degree,0,0
2077,36,technician,married,university_degree,0,1
2078,44,blue_collar,married,basic_4y,0,0
2079,31,admin,divorced,high_school,0,0
2080,40,housemaid,single,university_degree,0,0
2081,34,technician,single,university_degree,0,0
2082,56,entrepreneur,married,basic_4y,0,0
2083,46,blue_collar,married,basic_4y,0,0
2084,38,services,divorced,high_school,0,0
2085,42,management,married,university_degree,0,1
2086,42,management,married,university_degree,0,0
2087,40,services,married,high_school,0,0
2088,47,blue_collar,married,basic_4y,0,0
2089,44,blue_collar,married,professional_course,0,1
2090,48,services,married,high_school,0,0
2091,36,blue_collar,single,basic_9y,0,1
2092,31,blue_collar,married,basic_9y,0,1
2093,30,technician,married,university_degree,0,0
2094,29,admin,single,basic_9y,0,0
2095,40,self_employed,married,university_degree,0,0
2096,39,unemployed,married,university_degree,0,1
2097,35,technician,married,professional_course,0,1
2098,33,entrepreneur,married,high_school,0,0
2099,48,unemployed,married,high_school,0,1
2100,39,technician,married,professional_course,0,1
2101,41,admin,married,university_degree,0,1
2102,28,management,single,,0,0
2103,34,housemaid,married,university_degree,0,0
2104,41,admin,single,,0,1
2105,27,admin,single,high_school,0,0
2106,27,blue_collar,married,basic_9y,0,0
2107,30,technician,single,professional_course,0,0
2108,41,services,married,high_school,0,1
2109,38,blue_collar,married,professional_course,0,0
2110,37,entrepreneur,single,university_degree,0,1
2111,34,admin,single,university_degree,0,1
2112,33,technician,married,basic_9y,0,1
2113,36,blue_collar,single,basic_9y,0,1
2114,33,technician,married,basic_9y,0,1
2115,36,technician,married,high_school,0,1
2116,33,technician,married,basic_9y,0,0
2117,28,student,single,university_degree,0,1
2118,28,student,single,university_degree,0,1
2119,38,technician,married,professional_course,0,0
2120,50,management,divorced,professional_course,0,0
2121,32,management,married,high_school,0,1
2122,45,blue_collar,married,basic_4y,0,0
2123,36,admin,married,university_degree,0,0
2124,30,blue_collar,single,basic_9y,0,0
2125,41,blue_collar,married,basic_9y,0,0
2126,34,blue_collar,single,basic_6y,0,1
2127,57,retired,single,high_school,0,0
2128,50,blue_collar,married,high_school,0,0
2129,57,retired,single,high_school,0,1
2130,32,blue_collar,married,basic_4y,0,0
2131,44,blue_collar,married,basic_4y,0,1
2132,57,retired,single,high_school,0,0
2133,46,technician,married,basic_9y,0,0
2134,44,services,married,basic_4y,0,1
2135,32,blue_collar,single,basic_9y,0,0
2136,41,entrepreneur,married,basic_6y,0,0
2137,38,unemployed,married,basic_9y,0,0
2138,33,technician,married,basic_9y,0,0
2139,30,blue_collar,single,basic_9y,0,1
2140,37,blue_collar,divorced,basic_4y,0,1
2141,51,blue_collar,married,basic_9y,0,0
2142,52,management,married,university_degree,0,0
2143,39,blue_collar,married,basic_9y,0,0
2144,50,management,married,basic_9y,0,0
2145,53,retired,divorced,basic_4y,0,0
2146,51,technician,married,professional_course,0,1
2147,40,admin,single,university_degree,0,1
2148,55,blue_collar,married,basic_4y,0,1
2149,42,unemployed,married,basic_4y,0,1
2150,47,admin,divorced,university_degree,0,1
2151,33,blue_collar,married,basic_9y,0,1
2152,37,self_employed,divorced,university_degree,0,1
2153,37,self_employed,divorced,university_degree,0,1
2154,45,blue_collar,married,basic_4y,0,1
2155,30,admin,single,high_school,0,0
2156,30,admin,single,high_school,0,0
2157,38,blue_collar,married,basic_6y,0,0
2158,31,services,married,high_school,0,1
2159,48,blue_collar,married,basic_9y,0,1
2160,29,admin,single,high_school,0,1
2161,44,blue_collar,married,basic_9y,0,1
2162,38,blue_collar,single,basic_9y,0,1
2163,48,blue_collar,married,basic_9y,0,1
2164,41,blue_collar,married,basic_4y,0,1
2165,32,services,married,high_school,0,0
2166,56,admin,married,high_school,0,1
2167,39,technician,married,university_degree,0,1
2168,33,technician,married,professional_course,0,1
2169,31,admin,married,high_school,0,0
2170,54,retired,divorced,professional_course,0,0
2171,26,services,divorced,professional_course,0,0
2172,54,blue_collar,married,professional_course,0,1
2173,45,management,married,professional_course,0,0
2174,41,blue_collar,divorced,basic_6y,0,1
2175,35,admin,single,university_degree,0,0
2176,28,admin,married,high_school,0,1
2177,34,self_employed,married,university_degree,0,1
2178,57,retired,single,high_school,0,0
2179,35,admin,married,high_school,0,0
2180,39,technician,married,basic_6y,0,0
2181,30,services,married,professional_course,0,0
2182,35,blue_collar,married,basic_9y,0,0
2183,58,management,married,university_degree,0,0
2184,34,blue_collar,married,basic_9y,0,0
2185,29,management,single,university_degree,0,1
2186,37,admin,married,basic_4y,0,1
2187,25,blue_collar,married,basic_9y,0,1
2188,31,blue_collar,married,basic_9y,0,0
2189,56,admin,married,basic_9y,0,0
2190,39,services,married,professional_course,0,0
2191,27,blue_collar,married,basic_9y,0,0
2192,52,management,married,university_degree,0,0
2193,39,technician,married,university_degree,0,1
2194,34,management,single,university_degree,0,0
2195,47,services,divorced,high_school,0,0
2196,31,blue_collar,married,basic_6y,0,1
2197,33,admin,married,high_school,0,1
2198,36,blue_collar,married,basic_6y,0,0
2199,31,services,single,high_school,0,0
2200,36,blue_collar,married,basic_6y,0,1
2201,57,blue_collar,married,basic_4y,0,1
2202,41,management,married,high_school,0,0
2203,40,admin,married,basic_9y,0,1
2204,40,services,married,high_school,0,1
2205,29,blue_collar,married,basic_9y,0,0
2206,39,blue_collar,married,basic_9y,0,0
2207,31,blue_collar,single,high_school,0,1
2208,50,blue_collar,married,basic_4y,0,1
2209,47,blue_collar,married,basic_4y,0,0
2210,37,admin,married,,0,0
2211,37,admin,married,high_school,0,1
2212,32,unemployed,married,basic_9y,0,0
2213,56,admin,married,high_school,0,1
2214,36,services,married,high_school,0,1
2215,51,technician,married,professional_course,0,1
2216,47,blue_collar,divorced,basic_4y,0,0
2217,54,technician,married,university_degree,0,0
2218,41,blue_collar,married,basic_4y,0,0
2219,44,blue_collar,married,high_school,0,1
2220,41,admin,single,university_degree,0,1
2221,57,services,divorced,high_school,0,0
2222,44,blue_collar,married,high_school,0,0
2223,42,admin,single,,0,0
2224,46,admin,divorced,university_degree,0,0
2225,35,services,married,high_school,0,0
2226,54,unknown,married,,0,0
2227,35,admin,single,basic_4y,0,0
2228,37,technician,married,basic_9y,0,1
2229,52,housemaid,married,basic_4y,0,1
2230,41,admin,married,basic_9y,0,1
2231,31,technician,married,professional_course,0,0
2232,40,blue_collar,divorced,basic_6y,0,0
2233,45,entrepreneur,married,basic_9y,0,0
2234,47,management,married,university_degree,0,0
2235,39,admin,married,high_school,0,0
2236,45,admin,divorced,university_degree,0,1
2237,26,admin,single,high_school,0,1
2238,36,blue_collar,single,basic_4y,0,1
2239,33,blue_collar,married,basic_9y,0,0
2240,38,management,married,university_degree,0,1
2241,50,blue_collar,married,basic_4y,0,1
2242,37,blue_collar,single,high_school,0,0
2243,39,blue_collar,married,basic_9y,0,0
2244,36,admin,single,high_school,0,1
2245,35,admin,married,high_school,0,1
2246,31,blue_collar,married,basic_9y,0,1
2247,31,unemployed,single,professional_course,0,0
2248,32,blue_collar,married,basic_9y,0,0
2249,51,entrepreneur,divorced,,0,1
2250,39,blue_collar,divorced,basic_9y,0,1
2251,25,services,married,high_school,0,1
2252,40,housemaid,single,university_degree,0,0
2253,28,services,married,high_school,0,1
2254,29,management,married,university_degree,0,0
2255,57,blue_collar,married,professional_course,0,0
2256,53,blue_collar,married,basic_9y,0,0
2257,39,blue_collar,married,basic_9y,0,0
2258,60,technician,divorced,professional_course,0,1
2259,42,blue_collar,married,basic_4y,0,0
2260,30,admin,married,university_degree,0,1
2261,34,technician,married,university_degree,0,0
2262,43,technician,single,professional_course,0,0
2263,38,blue_collar,married,basic_6y,0,1
2264,35,admin,single,university_degree,0,1
2265,26,admin,single,high_school,0,0
2266,31,blue_collar,married,basic_9y,0,1
2267,55,unemployed,married,basic_4y,0,1
2268,59,housemaid,married,basic_4y,0,0
2269,28,blue_collar,single,basic_9y,0,0
2270,48,blue_collar,married,basic_9y,0,1
2271,37,services,married,basic_9y,0,1
2272,35,blue_collar,married,basic_6y,0,0
2273,30,admin,single,high_school,0,1
2274,30,admin,single,high_school,0,0
2275,32,admin,single,university_degree,0,0
2276,53,admin,married,high_school,0,1
2277,34,blue_collar,married,basic_4y,0,0
2278,51,unemployed,married,basic_9y,0,1
2279,43,admin,married,high_school,0,1
2280,54,retired,divorced,basic_4y,0,1
2281,45,services,single,professional_course,0,0
2282,46,management,single,university_degree,0,0
2283,57,admin,divorced,university_degree,0,1
